ID;Edad;Experiencia;Ingreso;Postal;Familia;credito;educacion;cuenta de ahorros;servicios online;tarjeta de credito
3060;61;36;128;94550;1;2,6;1;0;1;0
1976;29;3;113;94132;2;0,2;1;0;1;1
161;29;0;134;95819;4;6,5;3;0;0;0
4398;48;23;19;90058;1;0,1;1;0;1;0
3193;65;39;35;94005;1;0,5;3;0;0;0
3675;42;16;38;93437;1;0,2;1;1;0;0
348;25;0;43;94305;2;1,6;3;1;1;1
1755;50;24;80;95616;4;4,9;1;0;1;0
182;36;12;10;93524;4;0,7;2;0;0;0
3314;48;24;24;91950;1;0,9;3;0;0;0
2426;54;30;78;92507;4;1,6;2;0;1;1
445;64;40;91;93106;2;0;3;0;1;1
2602;50;24;32;90277;1;1,4;3;0;0;0
3379;25;0;44;94536;4;0,6;2;0;0;1
4463;33;7;39;95630;4;0,8;1;0;1;1
4316;51;26;62;90024;4;1,8;3;0;1;0
158;41;17;83;94025;4;2,67;1;0;1;1
567;53;28;175;95060;3;3,6;3;0;1;1
257;26;0;99;92697;4;2,3;3;0;0;1
2576;42;16;41;90401;3;0,5;3;0;1;0
1931;56;29;51;94080;3;1;2;0;1;0
2717;41;17;34;92182;1;2;2;0;0;0
1273;64;39;83;95616;3;1,8;2;0;1;0
4045;36;11;9;90266;2;0,3;2;1;0;0
3451;29;4;14;94590;4;0,5;3;0;0;1
4197;49;25;13;95814;1;0,9;3;0;1;0
750;58;34;60;92008;4;1,6;2;0;0;1
782;56;32;158;94588;3;3,7;3;0;1;0
1562;46;20;73;93106;1;1,5;2;0;1;0
1121;34;8;38;94304;2;2;3;0;1;1
1779;27;3;32;94710;3;1;2;0;0;0
4693;59;35;32;92064;3;0,4;2;0;0;1
4562;59;33;59;91365;3;1,4;3;0;0;0
1938;51;25;181;95051;1;3,3;3;1;1;1
4973;58;32;41;93401;3;2,2;3;0;1;1
154;60;36;22;94551;2;1;1;1;1;1
4149;46;22;80;95747;4;2;3;0;1;0
1863;42;17;82;95616;1;3,7;3;0;1;0
2967;32;7;84;91320;3;0,6;2;0;1;1
619;63;37;42;91320;2;0,7;3;0;1;0
692;45;18;48;90025;3;2,5;2;0;1;1
4703;35;5;108;90630;2;2,75;3;1;0;0
2478;40;14;179;90025;1;2,6;3;0;1;1
3109;42;15;21;95678;3;1;2;0;1;0
2733;33;9;38;93106;1;2,1;3;0;0;0
2372;32;6;111;95014;2;1,5;3;0;0;0
793;41;16;98;93117;1;4;3;0;0;2
2268;38;13;168;92647;2;1,3;3;0;0;1
1030;41;17;20;94720;1;1,4;3;0;1;0
816;62;38;35;94596;1;1,9;2;0;0;0
2093;53;23;19;92673;4;0,4;3;0;1;0
4212;40;16;104;94301;2;1,8;2;0;0;0
2090;53;29;95;94304;1;2,7;2;0;1;0
3945;56;26;62;91320;3;1,4;3;0;1;0
2892;59;33;63;90044;1;1,6;1;0;1;1
281;33;8;64;92121;4;2,1;3;0;1;0
1459;51;25;33;93033;1;1,4;3;0;1;1
10;34;9;180;93023;1;8,9;3;0;0;0
817;49;23;65;94035;3;0,7;2;0;1;1
221;32;6;25;92130;2;0,3;1;0;0;1
2624;42;17;111;94304;3;3;1;1;0;1
2537;51;25;104;94949;1;4,2;2;0;1;0
3290;50;25;44;94303;1;0,3;1;0;1;1
1096;50;25;43;92129;1;1,4;3;0;1;0
3515;35;9;41;90024;4;1,2;2;0;1;0
4827;56;31;81;93943;2;0;3;0;0;0
3742;53;29;51;92152;2;3,2;3;0;1;0
1485;55;30;40;94126;2;2,3;3;1;1;0
1597;45;20;55;92606;4;1,9;3;1;0;0
3735;43;19;72;95193;4;0,2;3;0;1;0
909;66;36;55;93023;4;1,67;3;0;0;1
1011;27;3;98;95616;2;2,5;1;1;1;1
3914;45;20;62;92064;3;0,8;3;0;1;0
1108;47;21;79;94110;3;1,1;1;0;1;1
2701;31;5;39;94590;4;2,2;2;0;1;1
4221;54;30;39;94806;4;0,1;3;1;1;0
1331;34;9;64;92346;2;0,1;1;0;1;1
3897;48;24;224;93940;2;6,67;1;0;1;1
4729;59;35;31;90630;3;0,4;2;0;1;0
3780;53;27;64;93407;4;2,6;1;0;1;1
2068;58;32;180;91770;1;2,9;1;0;0;1
474;64;39;182;93955;1;1,2;2;0;1;0
3156;55;29;62;92626;3;0,3;2;0;1;0
2584;37;11;71;91302;1;2,5;1;0;1;1
979;52;26;68;92068;1;0,8;3;0;1;1
3700;46;22;83;94501;4;1,4;2;0;1;1
1475;48;23;79;92124;2;3,8;3;0;1;0
1352;59;35;84;94588;1;1,8;3;0;1;1
1134;31;4;28;94126;1;2;2;0;0;0
50;40;16;49;92373;1;1,8;1;0;0;1
1874;28;4;69;94538;3;0,7;2;0;1;0
640;62;36;32;92646;2;0,2;3;0;1;1
3734;58;32;72;94105;3;0,3;2;0;1;0
4955;45;19;22;94904;3;1,5;1;0;1;1
4181;36;6;11;92008;1;0,67;3;1;1;1
3840;31;5;42;93010;2;2;3;0;1;0
1376;50;26;179;92612;1;2,9;3;0;0;2
1971;27;3;148;92780;1;1,5;1;0;1;1
242;48;22;71;91711;1;1,4;3;0;0;1
1864;48;22;43;94588;1;1,2;2;0;1;0
2299;48;24;9;92630;4;0,5;2;0;0;1
1124;46;20;91;92521;4;2,6;3;0;0;0
1975;39;13;63;90095;4;0,2;3;0;0;0
4904;40;15;18;94534;2;0,1;2;0;1;1
4778;32;8;30;94534;4;0,4;2;0;1;0
3267;57;31;39;92821;1;2,2;3;0;1;1
2194;45;19;25;94609;2;0,1;3;0;1;0
2199;59;35;58;91355;1;0;2;0;1;0
4182;47;22;22;90024;1;0,4;3;0;1;0
1298;61;35;90;95814;4;1,9;2;0;1;0
1843;53;29;93;95051;1;2,7;2;0;1;0
4471;44;20;111;91911;2;5,3;2;0;1;0
2129;65;40;40;94104;1;1,1;3;0;0;0
47;39;14;43;95014;3;0,7;2;0;1;0
4987;32;6;78;95825;1;2,9;3;0;0;0
3101;52;27;81;90024;4;3,8;2;0;0;1
4924;40;15;73;92029;3;3;1;0;1;1
286;40;13;69;94305;3;2,33;2;0;0;0
1969;54;24;49;91801;1;1,4;3;0;1;0
2120;39;13;50;94923;3;0,5;3;0;0;0
2376;55;30;69;91007;4;1,3;3;1;1;1
509;47;22;15;95521;2;0,7;3;0;0;0
1264;35;5;85;92870;4;4;3;0;1;0
3963;29;5;31;93014;1;1;3;0;0;0
3580;28;2;84;94305;1;2,9;3;1;0;1
919;41;16;64;92325;3;0,5;3;0;0;0
2661;39;14;74;93063;1;0,1;2;1;1;0
2785;36;9;115;91765;4;2,2;2;0;0;0
730;58;28;90;93106;1;3;3;0;0;1
1426;64;38;40;91330;1;2,5;3;0;1;1
4972;58;28;73;90024;1;1,4;3;1;0;0
2674;54;30;88;92647;4;1;2;0;1;0
3981;46;22;89;92866;4;1,4;2;0;1;0
1655;60;34;102;94305;2;2;1;0;1;1
1966;45;20;94;90095;3;0,5;3;0;1;0
4645;58;34;22;94608;1;0,1;2;0;1;0
1917;57;32;64;95138;3;1,6;3;0;1;0
1172;64;40;43;95014;1;1,9;2;0;1;0
1391;29;3;80;94305;4;1,8;2;0;1;1
1225;59;35;45;94920;1;1,8;3;0;1;0
3172;39;12;62;91910;3;2,33;2;0;0;0
3710;37;11;43;92521;4;1,2;2;1;0;0
1892;42;18;50;95126;4;2,2;2;0;0;0
1748;29;5;21;90717;4;0,4;2;0;0;1
2318;31;5;129;95814;3;5,9;3;1;0;1
480;60;36;132;92154;2;6;1;0;1;1
2417;60;35;32;93611;1;0,3;3;0;1;0
4251;52;28;54;90041;4;0,1;3;0;0;1
2230;46;22;72;91711;4;1,4;2;0;1;1
1236;54;28;60;94110;4;2,6;3;0;0;0
123;58;32;73;94523;2;0,7;2;0;1;1
2352;55;31;74;94611;2;3,2;3;0;1;1
4624;50;25;45;90813;2;0,6;3;0;0;0
2075;52;27;81;91942;1;1,3;3;0;0;1
274;41;16;65;90095;3;0,5;3;0;1;0
2188;54;30;40;90024;2;1;3;0;0;0
82;47;22;40;94612;3;2,7;2;0;1;0
2034;49;23;83;92126;1;0,3;1;0;1;1
4641;30;6;42;90034;1;2,1;3;0;1;0
380;25;0;28;92093;2;1,7;2;0;0;0
4623;47;20;13;94545;3;0,67;2;0;1;0
1176;29;4;58;91006;1;0,8;2;0;1;1
142;35;11;58;95831;3;2;1;0;1;1
4686;63;39;41;91355;4;1,3;2;0;1;0
1743;64;38;42;95929;2;0,7;3;0;1;0
1952;45;21;84;94550;4;2;3;0;1;1
3804;42;18;83;96001;4;2;3;0;1;0
3154;31;5;18;94111;4;0,3;2;0;0;1
2614;52;26;110;94501;2;5,4;3;1;1;1
2885;28;2;48;93943;4;2,1;3;0;1;1
1235;44;18;33;90405;3;1,5;1;0;1;1
2727;62;37;18;92028;1;1,5;2;0;0;0
3620;45;20;42;94703;1;0,3;3;0;1;0
4410;43;19;75;91765;4;0,2;3;0;1;0
2185;62;36;183;90095;2;3,4;3;0;0;1
1324;52;26;45;91604;3;0,6;2;0;0;0
3950;31;5;23;93407;1;0,4;2;0;1;1
2115;62;36;69;95039;2;1,7;3;0;1;0
1064;56;30;39;90024;3;1,4;1;0;0;1
893;38;12;53;95616;2;2,4;2;0;1;0
3378;35;10;83;95370;4;0,7;3;0;1;0
2970;43;18;60;95039;2;2,2;3;0;0;0
3416;36;12;93;90720;2;2,2;1;0;1;1
866;60;34;22;92037;3;0,3;3;0;1;1
482;33;9;53;94063;1;1,2;1;0;0;1
2500;53;27;38;94105;4;2,8;2;1;1;0
537;25;-1;43;92173;3;2,4;2;0;1;0
672;65;41;105;92612;1;3;2;1;1;0
2577;60;36;30;93711;4;1,3;1;0;1;1
1220;45;18;80;92407;3;2,67;2;0;0;0
2147;27;3;30;93108;1;1;3;0;0;0
2193;25;1;13;95814;4;1;1;0;0;1
3800;37;11;44;93109;4;0,2;1;0;0;1
2994;65;40;20;92647;3;0,1;3;0;0;1
2753;51;25;34;95819;3;0,9;3;0;1;0
1737;57;31;131;95133;2;2,7;1;0;0;1
135;53;29;98;95035;3;1,8;2;0;0;0
4008;31;7;35;91745;2;1;2;0;0;1
2752;47;23;32;92251;4;0,6;1;0;1;1
2332;61;37;68;90245;4;2,3;3;0;0;0
1621;39;14;22;94035;2;0,3;2;0;1;0
1307;34;9;31;94115;4;1,1;3;0;1;1
2249;63;37;8;94618;1;0,8;2;0;1;0
1036;43;17;81;94720;4;2,6;3;1;1;0
192;51;25;29;90404;1;0,3;3;0;0;0
2453;25;1;28;94596;1;1;3;0;1;0
463;29;4;183;91423;3;8,3;3;0;1;0
4340;35;11;38;95518;1;1,7;1;0;0;1
2164;33;3;69;92161;4;1,8;3;0;1;0
4850;49;25;65;90007;2;1;3;0;1;1
3431;64;38;32;90291;2;0,3;1;0;1;1
12;29;5;45;90277;3;0,1;2;0;1;0
2839;30;6;181;94542;3;4,1;2;0;1;1
2285;47;23;22;94901;4;0,6;1;0;1;1
3762;49;24;25;95831;2;0,7;3;0;1;0
1787;35;11;34;93117;1;1,5;2;0;0;0
2026;47;20;79;94720;3;2;2;1;0;0
738;64;37;138;94709;2;2,8;2;0;1;0
4176;42;17;154;93955;3;4,9;1;0;1;1
4433;53;27;50;92660;2;0,8;3;0;1;0
1870;55;30;44;94025;2;2;2;0;1;0
369;63;37;30;92054;2;1;3;0;1;0
1250;51;27;80;90032;1;2,6;2;0;1;1
2853;54;29;183;93105;1;8,1;1;0;1;1
2241;41;17;81;92868;4;0,2;3;1;0;0
1100;30;6;52;92717;3;0,7;2;0;1;0
933;51;27;112;94720;3;1,8;2;1;1;1
613;65;40;129;90095;1;1,3;1;0;1;1
4067;61;37;61;94122;3;2;3;0;1;0
3975;46;21;41;94305;1;0,5;3;0;0;0
4495;29;4;182;95354;1;3,7;3;0;1;0
4533;48;22;133;90073;2;3,1;2;0;1;0
4970;45;19;60;94143;2;0,4;3;0;1;0
1610;66;41;105;93023;1;0,8;3;1;1;2
2246;54;28;33;94111;2;0,7;2;0;0;1
4995;64;40;75;94588;3;2;3;0;1;0
4258;43;17;48;95762;3;2,2;2;0;0;1
331;54;30;78;92374;4;1;2;0;1;0
2448;44;19;201;95819;2;8,8;1;0;1;1
365;54;24;29;92028;3;1;3;0;0;1
2374;33;9;184;94304;2;4,8;2;0;0;0
3830;65;39;44;92038;1;0,5;3;0;1;1
203;30;3;68;94306;4;2;2;0;1;0
2515;41;16;25;92182;2;0,1;2;1;0;0
3200;33;9;20;95521;4;0,7;2;0;1;0
3417;61;37;62;94111;1;0;2;0;1;0
364;25;0;30;92691;2;1,7;2;0;0;0
2278;30;6;32;91330;2;1;2;0;0;0
4902;26;0;54;96094;3;1,1;2;0;1;0
3967;33;7;84;95051;1;2,9;3;0;1;0
3527;58;33;9;95008;2;0,2;3;0;1;0
4560;47;20;101;91950;3;2;2;0;1;0
943;55;29;30;91320;4;0,7;2;0;0;1
2762;35;8;44;95045;4;1;2;0;0;1
3509;33;9;125;92182;1;4,3;3;0;1;0
3647;34;9;141;92056;3;6,9;2;0;1;0
3507;27;1;58;95827;4;1,8;2;0;1;1
3708;43;18;35;92647;1;0,6;3;0;0;0
4829;52;28;62;90089;1;1,8;3;0;1;0
3280;26;-1;44;94901;1;2;2;0;0;0
319;27;2;110;95670;4;1,8;3;0;1;0
723;45;21;132;91103;3;1,2;2;0;1;1
832;61;31;49;94066;4;1,67;3;0;1;0
4968;41;16;69;92697;1;0,1;2;0;1;0
1423;32;8;32;94143;2;1;2;0;1;1
3034;43;19;130;90630;2;4,7;3;0;0;2
2265;35;11;9;93106;4;0,7;2;0;1;0
2394;53;28;14;94005;4;0,8;1;0;1;1
2084;31;7;38;94025;1;0,2;3;0;1;0
2884;40;14;92;90024;4;1,4;2;0;1;0
1061;59;34;23;93111;1;0,1;1;0;0;1
2932;31;4;54;91741;2;1;2;0;0;1
4746;49;23;129;94085;1;0,3;1;0;1;1
3857;56;30;81;90401;4;2,6;3;0;1;0
3646;42;17;79;92103;1;3,7;3;1;0;1
1018;31;5;40;94305;4;1,3;3;0;0;0
961;46;22;144;93611;2;3,3;1;0;1;1
3920;64;34;179;90024;2;4,5;3;0;0;1
4670;27;1;64;94501;4;1,8;2;0;1;1
2421;63;39;40;91304;1;0,8;1;0;0;1
2683;53;27;81;90032;4;2,6;3;0;1;0
539;31;5;11;94534;1;0,4;2;0;0;1
506;36;12;69;94305;3;3,1;2;0;1;0
2619;23;-3;55;92704;3;2,4;2;0;1;0
4980;50;26;92;90740;1;2,6;2;0;0;1
4077;49;23;22;92220;1;0,3;3;0;0;0
3686;53;27;93;94588;1;0,8;3;0;0;1
4216;64;40;21;94028;2;0,3;3;0;0;0
2901;52;28;55;91320;2;3,2;3;0;0;0
2207;33;7;48;92831;4;2,2;2;0;0;0
1306;32;6;28;94025;2;0,3;2;0;1;0
3056;28;2;111;94305;4;2,3;3;0;1;0
2718;23;-2;45;95422;4;0,6;2;0;1;1
4192;42;15;39;91711;3;1;2;0;0;0
379;47;23;38;94618;2;2,1;3;0;0;0
1127;32;8;104;95192;2;3,7;1;0;0;1
3260;33;8;54;92251;3;2,3;1;0;0;1
3531;54;28;49;90073;4;2,8;2;1;0;0
952;59;34;83;94105;2;3,4;3;0;1;0
1060;28;2;11;91203;1;0,1;2;0;1;1
914;57;32;34;92507;2;2;2;1;0;0
87;40;16;42;94501;4;2,2;2;0;0;0
1632;61;36;153;91105;1;2,6;2;1;0;1
4217;60;35;173;90059;3;3,1;3;0;1;0
1173;49;24;45;92104;3;1,7;2;1;1;0
3669;38;13;129;92037;4;0,3;3;0;1;0
959;55;29;78;90747;4;2,6;3;0;0;1
2294;42;17;14;91768;2;0,1;2;0;1;0
1716;39;13;25;95370;3;0,2;2;0;1;0
3210;42;16;173;91355;2;1,5;2;0;1;1
337;36;12;65;95051;3;2,6;2;0;1;0
4921;42;16;28;94002;4;1,5;3;0;1;1
2497;63;37;32;93117;3;0,7;2;0;0;0
4370;50;25;19;94005;4;0,4;2;0;1;1
3949;37;12;123;94304;4;3,1;2;0;1;1
3775;51;26;52;92521;4;1,8;3;0;1;0
1059;59;34;24;94105;2;0,2;3;0;1;0
4981;29;5;135;95762;3;5,3;1;0;1;1
4669;40;14;63;94025;3;0,5;3;0;1;0
1340;52;25;180;94545;2;9;2;0;1;0
3362;31;5;85;94117;3;1,6;1;0;1;1
4300;30;5;73;90065;1;2,6;2;0;1;0
3033;47;22;19;94590;1;0,4;3;0;1;0
2439;62;37;29;91030;1;0,3;3;0;0;1
20;55;28;21;94720;1;0,5;2;1;0;1
4135;35;11;85;92154;4;0,1;2;0;0;0
2429;39;12;108;92717;4;3,67;2;0;0;1
31;59;35;35;93106;1;1,2;3;0;1;0
1544;52;26;101;93407;2;2,4;2;0;1;0
1152;49;23;12;94720;2;0,1;3;1;1;0
4571;32;6;99;91902;2;4,5;3;0;1;0
4380;42;17;53;93023;4;1,9;3;0;1;0
4288;54;28;42;95207;4;2,5;1;0;1;1
4159;59;34;74;92780;4;0,7;1;0;1;1
490;53;28;43;91380;2;2,1;3;0;1;1
1468;62;36;29;91107;2;0,7;3;0;0;0
14;59;32;40;94920;4;2,5;2;0;1;0
3123;38;14;54;90095;2;0,6;3;0;0;0
411;47;23;110;94111;2;3,3;1;0;1;1
4964;32;6;98;95054;2;4,5;3;0;0;0
3777;27;3;135;93108;3;2,7;3;0;0;1
3220;39;15;33;92346;1;2;2;0;0;0
1029;29;4;110;92096;4;2,5;3;0;0;0
3653;35;9;69;94704;4;2,2;2;0;0;1
4104;44;20;52;94143;1;0,8;3;0;0;1
4832;30;6;42;91711;1;2,1;3;0;0;1
579;46;19;49;92124;3;2,5;2;0;1;1
1136;57;33;9;93106;1;0,1;2;1;1;0
1817;45;19;91;92373;2;1,7;2;1;1;0
3678;59;33;43;94234;2;0,3;1;0;0;1
452;28;-2;48;94132;2;1,75;3;0;1;0
3677;62;37;22;95818;1;1,5;2;0;1;0
4031;58;32;44;92354;1;0,8;2;0;0;0
3247;41;17;81;95422;1;0,8;2;0;1;0
4367;52;28;43;90089;4;1,1;2;0;0;0
342;31;6;55;92038;4;2;2;0;1;0
532;32;6;50;90401;4;2,1;3;1;1;1
4126;60;34;95;94104;2;0,7;2;0;1;1
1867;48;24;90;94523;1;2,6;2;0;1;0
4951;47;23;19;90089;1;1;1;0;0;1
4229;34;10;83;95060;2;2;2;0;0;0
1846;43;18;65;93065;2;2,2;3;0;1;0
2074;46;20;54;91107;1;0,7;3;0;1;1
1701;43;16;71;90089;3;2,33;2;0;0;0
130;41;16;70;92131;3;0,5;3;0;0;1
4892;56;31;61;90024;4;0,9;1;1;1;1
4305;64;39;98;95678;3;1,8;2;0;1;0
1497;36;12;18;91330;1;0,5;3;0;0;1
1569;59;33;72;92350;2;0,7;2;0;0;0
910;23;-1;149;91709;1;6,33;1;0;0;1
3900;60;34;43;92697;1;1,4;1;0;1;1
1077;40;13;24;94608;3;1;2;0;1;0
4267;42;16;11;94015;1;0,2;1;0;0;1
3347;41;15;65;92037;2;2,8;1;0;1;1
1515;44;20;175;96150;2;1,4;1;0;1;1
3909;24;0;44;90638;3;0,1;2;0;0;0
1103;29;3;84;95023;1;2,9;3;0;1;0
3868;44;19;61;94080;3;2,7;2;0;0;0
4628;27;1;134;93106;1;1,7;2;0;1;0
3817;55;30;70;94904;3;2;2;0;1;1
2012;46;21;39;92507;4;0;2;0;1;0
1593;56;31;192;90089;1;7;3;0;1;1
2542;34;8;171;90212;2;2,2;2;0;1;0
4990;24;0;38;93555;1;1;3;0;1;0
2799;58;33;28;94720;1;0,3;3;0;1;0
708;47;20;25;95064;3;0,67;2;0;1;1
4459;48;22;90;94590;2;0,8;3;0;0;0
3869;41;16;44;92037;1;0,3;3;0;0;0
2339;42;18;130;94611;2;7,5;1;0;0;1
1266;32;2;71;95014;2;1,75;3;0;0;0
3221;61;35;28;93302;2;0,2;3;0;1;0
1704;65;41;40;94542;3;0,1;3;0;1;0
3323;41;16;104;92008;1;4;3;0;1;2
2286;48;22;114;92007;1;2,4;3;0;1;1
2504;38;14;20;94024;4;0,4;2;0;1;1
1452;44;20;82;94555;4;1,4;2;0;1;1
1918;62;32;53;96001;4;1,67;3;0;0;0
4579;45;20;90;94143;4;1,1;2;0;1;1
4935;26;0;85;93950;2;1,6;3;0;1;1
3248;44;20;113;95032;2;3,3;1;0;1;1
4859;50;24;62;94550;2;0,8;3;0;1;0
3143;34;8;175;95051;4;1,1;3;1;1;1
4468;55;30;99;91768;1;0,1;3;0;0;1
2906;64;40;8;94110;2;0,3;3;0;1;0
467;25;0;13;91342;2;0,9;3;0;1;0
3095;50;23;19;90272;1;0,5;2;0;0;1
100;66;41;15;91711;3;0,1;3;0;1;0
656;50;25;13;91109;2;0,7;3;0;0;0
4338;26;2;182;93010;2;3,2;2;0;0;0
2545;58;34;90;95039;1;3,6;2;0;0;0
715;50;23;98;92068;3;2;2;0;0;0
674;34;10;22;95670;1;0,5;3;0;0;0
3600;45;19;23;93101;2;0,1;3;0;1;1
4344;38;14;63;95422;1;3,6;2;1;1;0
1279;36;10;74;94305;1;2,5;1;0;0;1
4568;46;20;19;94105;3;0,5;2;1;1;0
141;51;25;31;90245;2;0,4;3;0;1;1
3157;54;30;24;92647;1;0,1;2;0;0;0
2190;48;23;128;94309;1;0,6;1;0;1;1
1566;34;9;104;95758;3;1,2;3;0;1;0
4396;66;41;25;94720;4;0,6;2;0;1;1
3149;48;22;19;95616;2;0,1;3;0;0;0
4867;41;17;71;94801;2;3,2;1;0;1;1
1180;36;11;98;90291;3;1,2;3;1;0;1
4207;48;23;29;93711;1;1,3;2;0;0;0
2298;59;35;31;94063;3;0,4;2;0;1;1
2050;43;18;94;92717;4;1,1;2;0;1;0
1478;40;14;64;91320;4;0,2;3;0;1;1
2790;27;3;34;90065;1;0,2;3;0;1;1
2366;43;18;22;91311;2;0,3;2;0;0;0
261;51;27;58;92407;1;0;1;0;0;1
4215;46;22;89;94303;1;2,7;1;1;1;1
3872;40;16;125;91304;2;1,9;1;0;0;1
4786;30;5;23;94304;2;0,9;3;1;1;0
912;47;21;68;94538;4;2,6;3;0;0;0
2237;51;24;23;95616;1;0,5;2;0;1;0
2161;43;17;55;93933;3;2,2;2;0;0;0
3225;45;21;58;94025;3;0,3;3;1;1;0
552;59;34;14;93118;1;0,1;1;0;1;1
2485;46;21;30;92697;1;1,4;3;1;0;0
1167;30;5;112;91711;4;5;2;0;0;1
2027;59;33;80;93907;2;0,7;2;0;1;0
137;59;32;49;95035;4;2,5;2;0;1;0
4408;37;13;71;90755;2;1,7;2;0;1;1
4434;62;38;44;92612;1;1,9;2;0;0;1
3197;37;7;73;94043;4;1,8;3;0;1;1
2640;52;26;59;95762;3;3;2;0;1;0
953;44;20;180;93943;2;7,6;1;0;0;1
4708;59;35;91;95008;2;1,6;1;1;0;1
3619;35;8;48;92697;2;1;2;0;1;0
4615;56;30;15;92093;4;0,7;3;0;0;0
4211;35;8;43;95819;2;1,67;2;0;0;0
1540;29;5;21;90601;3;0,9;3;0;0;0
4015;56;32;23;94720;4;0,7;1;0;1;1
3098;58;32;44;92182;3;2,2;3;0;0;0
2131;55;31;74;94607;3;2,67;1;0;0;1
2445;60;35;38;94701;3;0,5;2;0;1;1
4073;42;17;78;92521;1;1;3;0;1;0
354;53;29;55;95818;4;1,1;2;0;1;0
1263;26;1;53;94720;2;1,6;3;0;1;0
4626;45;21;102;92037;4;4,7;2;0;0;0
748;57;32;21;94112;3;0,1;2;1;1;0
4888;41;15;49;90245;3;0,9;3;0;1;1
3980;38;14;90;93010;2;0;1;1;1;1
3466;65;41;42;95616;1;1,9;2;0;0;0
1936;34;9;191;94086;1;4,8;3;0;1;1
43;32;7;132;90019;4;1,1;2;0;1;0
3953;61;36;124;94611;2;3,9;1;1;0;1
4692;41;17;65;90024;3;2,1;3;0;1;0
4985;27;1;98;94043;4;2,3;3;0;0;1
4665;62;37;83;93657;4;0,1;2;0;0;0
838;30;4;24;92096;1;0,4;2;0;1;0
739;36;10;80;94596;4;2,2;2;0;1;0
3718;61;37;73;94550;3;2;3;0;0;0
1648;35;5;68;90509;4;1,8;3;0;0;0
3430;39;14;28;91320;2;1,4;2;0;0;1
2973;31;7;38;92182;1;1,8;2;0;1;1
2496;46;22;70;94701;4;1,9;1;0;0;1
2081;65;40;69;91706;4;0,1;2;0;1;0
3244;52;26;31;92054;4;1,5;3;0;1;0
3783;30;5;80;91311;4;2,2;2;1;1;0
472;50;24;30;91768;4;0,1;1;0;1;1
1605;55;29;111;90502;2;3,6;3;0;0;2
502;50;26;39;90640;3;1,9;2;0;1;0
755;38;14;102;95020;2;1,9;1;0;1;1
478;64;39;24;95112;4;0,4;2;0;1;0
1240;51;26;12;90245;2;0,7;3;0;1;1
2459;46;20;72;93108;2;0,8;3;0;1;1
1677;46;20;74;92821;4;2,6;3;0;1;0
1727;59;33;71;91335;2;2,3;3;0;1;1
1421;30;4;40;91605;1;0,3;1;0;1;1
2063;57;31;55;92521;3;2,5;1;0;1;1
4125;53;29;141;90064;2;0,2;3;0;0;1
358;38;14;42;94610;1;2;2;0;1;0
326;54;28;89;95039;1;1,9;2;0;1;1
2527;26;1;50;95616;4;0,6;2;0;0;0
2013;57;31;51;93943;1;1,4;1;0;1;1
4330;59;33;10;94063;4;0,7;3;0;1;0
2400;62;36;41;90245;2;1;3;1;1;0
4663;56;31;59;94303;2;1,9;2;0;1;0
1510;56;26;92;92647;2;4,5;3;1;0;2
776;65;39;23;92835;3;0,7;2;0;0;1
4861;51;25;34;93106;3;0,6;2;0;1;0
823;61;35;60;96091;3;1,4;3;0;0;0
2856;35;11;38;91706;1;1,5;2;0;1;0
1810;35;10;79;95045;4;2,1;3;1;1;0
2259;59;33;93;91320;2;0,7;2;0;0;0
3106;30;4;23;94122;4;0,3;2;0;0;0
3433;47;23;32;95370;1;1;1;0;0;1
676;29;2;33;91711;1;2;2;0;0;0
3356;49;23;93;90036;1;2,4;1;0;1;1
4107;48;22;54;93106;1;1,2;2;0;0;0
311;57;32;39;90277;4;0,9;1;0;1;1
1778;52;27;34;93117;2;0,7;2;0;1;1
2894;38;14;70;94022;4;2;3;0;1;0
4679;33;7;115;93305;1;2,7;2;0;1;0
174;58;34;42;90095;4;1,5;1;0;1;1
3124;44;17;22;94546;3;1;2;0;1;1
2446;47;23;25;93106;1;0,9;3;0;1;0
3850;42;18;34;92653;1;2;2;1;0;0
2591;46;20;152;95814;1;7,4;3;0;1;2
1738;44;19;70;92399;1;0,2;2;1;0;0
2280;47;23;34;91711;4;0,6;1;0;1;1
1295;34;10;71;95003;1;0,1;1;0;1;1
716;47;23;32;92130;1;1;1;1;1;1
1645;59;35;33;91355;4;0,4;1;0;0;1
664;46;20;49;90503;3;2,2;2;0;0;0
756;56;30;45;91103;4;0,7;2;0;0;1
779;62;36;92;94801;2;0,7;2;0;1;0
226;39;13;93;94720;1;1,5;3;0;0;2
239;57;32;28;95831;3;0,2;1;0;1;1
2266;47;23;88;94305;4;1,4;2;0;0;0
4224;53;26;8;94709;1;0,5;2;0;0;1
2687;50;24;81;95053;2;0,4;3;0;0;0
1507;52;27;25;95138;2;0;1;0;1;1
2945;55;30;79;92182;2;0;3;0;0;0
1688;63;39;83;90025;3;2;3;0;1;1
2406;57;32;13;94588;4;0,9;2;1;1;0
2145;33;6;168;94720;3;5,67;2;1;1;0
1797;57;32;42;92831;2;2,1;3;0;1;0
3457;46;22;125;94536;2;4,7;3;0;1;1
819;51;27;42;95039;4;1,1;2;0;1;1
4002;61;35;81;94709;4;1,9;2;0;0;0
4043;29;3;190;92612;2;4,5;1;0;1;1
3886;32;2;69;93943;4;4;3;0;1;0
3533;38;12;141;94022;2;0;1;0;1;1
1066;25;1;113;90401;3;2,5;1;0;0;1
2019;63;39;160;90089;2;2,1;1;0;1;1
2239;48;22;35;92709;1;1,4;3;0;1;0
607;34;8;81;91741;3;0,9;2;0;1;0
827;48;21;23;93555;3;0,67;2;0;1;0
4200;43;19;81;90630;4;0,2;3;0;0;1
2149;54;30;58;92007;2;3,2;3;0;0;0
228;47;23;148;94551;2;7,5;1;0;1;1
4046;57;31;38;94720;4;0,7;2;0;1;0
2510;36;11;8;93401;4;0,2;3;0;0;1
1456;63;39;160;91330;2;2,1;1;0;0;1
2481;39;13;50;91768;2;2,4;2;0;0;0
2862;42;18;60;92677;4;0,2;3;0;0;1
4020;62;36;28;95020;3;0,7;2;0;1;0
2245;57;31;53;92806;1;0,8;2;0;0;0
3921;34;8;82;93106;2;1,5;3;1;1;1
982;36;12;142;90064;3;2,3;2;0;1;1
3344;62;37;125;94801;1;1;3;0;1;0
3295;42;12;29;93611;3;2;3;0;0;0
2849;24;-1;78;94720;2;1,8;2;0;0;0
1203;35;11;24;95521;4;0,4;2;0;0;0
4158;34;10;22;94545;3;0,9;3;0;1;0
1662;38;14;64;92093;1;1,5;3;0;0;1
2316;52;26;182;95818;2;1,4;2;0;1;0
160;61;35;41;94545;4;1,7;2;1;1;0
84;33;9;50;94305;1;2,4;2;0;0;0
4928;43;19;121;94720;1;0,7;2;0;1;1
1735;35;10;79;94720;4;2,1;3;0;1;0
2691;64;38;29;90245;3;0,7;2;0;1;0
3263;44;19;85;90024;2;3,8;3;0;1;0
2582;60;34;25;94132;4;0,7;3;0;1;0
1081;47;22;24;90717;4;0,4;2;0;1;0
1824;33;8;125;91320;1;0;1;0;1;1
3031;50;26;110;94509;3;1,8;2;0;1;0
1585;46;20;25;93401;4;0,6;3;0;0;0
2039;50;24;150;94551;1;7,3;1;0;1;1
4456;56;31;28;94040;1;1,5;2;1;1;1
3317;56;26;63;94501;3;2;3;0;1;0
3629;42;18;131;94949;1;3,4;1;0;0;1
516;41;16;113;92780;1;1;3;0;0;1
1498;45;21;73;95020;1;0,8;3;0;1;0
1756;28;3;55;92647;4;1,7;2;0;1;1
2692;61;36;119;95064;2;5,4;2;0;1;0
181;51;27;38;90401;2;1;3;0;1;0
890;24;-2;82;91103;2;1,6;3;0;1;1
1141;32;6;13;94611;4;0,3;1;0;1;1
3715;49;23;65;94720;2;0,4;3;0;0;1
1055;63;38;8;95136;4;0,6;2;0;1;0
459;48;24;20;95841;1;1;1;0;1;1
263;49;23;33;90245;1;0,3;3;0;1;1
4473;50;25;90;95616;1;2,8;2;0;1;0
1424;55;30;64;90250;2;2,3;3;0;0;0
308;42;18;33;90401;1;1,4;3;0;1;0
4525;48;24;79;94542;3;0,7;1;0;1;1
4205;40;16;61;91711;3;2,1;3;0;0;0
3232;62;37;24;90717;1;0,3;3;1;1;0
3460;26;1;88;94025;2;1,8;2;0;0;0
4274;44;19;83;95812;2;3,8;3;1;0;1
54;50;26;190;90245;3;2,1;3;0;1;0
2794;57;33;122;94301;2;6;1;1;1;1
4672;39;14;104;95035;1;4;3;0;1;2
740;49;23;82;91902;2;2,4;2;0;0;0
1481;67;42;32;93943;1;1,1;3;0;0;1
3229;27;2;45;94305;2;1,7;2;0;0;1
4860;34;8;165;91107;1;7;3;0;0;0
2963;23;-2;81;91711;2;1,8;2;0;0;0
4566;33;8;120;92614;2;4,2;3;0;0;1
3334;37;13;79;91711;4;0,1;2;0;1;0
3068;31;5;101;94501;1;2,9;3;1;0;0
4373;34;10;41;91765;1;2,4;2;0;0;0
2940;54;24;25;90016;4;0,4;3;0;0;1
1847;56;32;15;90089;1;0,1;2;0;1;0
1709;46;20;12;90250;4;0,6;3;0;0;1
2197;51;24;189;95211;4;4,75;2;0;1;0
954;51;26;28;92130;4;0,2;2;1;1;0
1823;48;23;112;93014;1;5,1;2;1;1;0
3310;52;27;43;94611;4;0,2;2;0;1;0
926;42;18;31;94720;1;0,3;3;0;0;1
3865;62;32;142;95112;2;2,8;3;0;0;2
2860;35;11;188;94596;1;0,9;3;0;1;0
2803;52;22;154;90650;1;5;3;1;1;1
1775;43;18;83;93109;3;0,5;3;0;0;1
1267;64;39;113;92121;1;0,8;3;0;0;2
1441;42;15;41;94610;3;2,5;2;0;1;0
1260;52;27;35;95616;4;0,2;2;0;1;0
2780;59;35;168;95521;4;4,1;2;0;1;0
4678;25;0;38;93407;2;1,6;3;0;0;0
2334;45;21;61;95812;3;0,7;1;1;1;1
1746;37;12;40;90065;2;1,1;2;1;0;1
777;50;26;135;92121;2;4,6;3;0;1;1
3959;59;34;23;90009;4;0,4;2;0;0;0
2218;48;24;162;91355;4;3,3;2;0;1;0
1169;62;37;38;91706;1;1,1;3;0;1;0
96;38;12;48;95617;4;0,2;3;0;1;0
1653;48;18;182;92626;4;6;3;0;1;0
48;37;12;194;91380;4;0,2;3;1;1;1
2952;26;2;132;94720;2;2,4;3;0;0;1
1135;39;14;42;95616;1;2,5;3;0;1;0
1525;40;16;155;94002;4;0,1;3;0;1;1
1764;48;24;134;94105;1;5;1;0;0;1
4635;42;17;29;94928;1;0,6;3;0;1;0
4177;44;18;75;95131;1;0,7;3;0;0;1
4779;52;27;22;90755;4;0,8;1;0;1;1
4918;36;10;33;95616;4;1,2;2;1;1;0
2719;59;33;68;95064;2;2,3;3;1;0;0
387;30;5;41;95051;4;1,7;2;0;1;0
763;32;6;85;90504;1;2,7;2;0;1;0
3461;63;37;84;92691;4;2,4;3;0;1;1
3100;65;40;115;92647;1;2,5;1;0;0;1
2819;35;9;40;93943;3;0,9;1;0;1;1
2832;53;27;45;90405;2;0,8;3;0;1;1
3372;44;18;33;95351;3;0,5;2;0;0;0
1447;29;4;22;92661;2;0,9;3;0;0;0
965;27;1;78;92037;4;2,3;3;1;1;0
2388;28;2;51;94720;4;1,8;3;0;0;1
3363;30;4;18;90277;2;0,3;2;0;1;0
2122;41;17;38;92182;4;2,2;2;0;0;1
2667;32;7;100;92126;3;0,6;2;0;1;0
836;58;33;142;92691;2;3,9;1;0;1;1
4710;26;1;35;90089;2;1,7;2;0;0;1
853;33;7;29;92064;1;0,6;3;0;0;1
839;45;20;29;92507;4;1,9;3;0;0;0
3488;29;4;104;91711;4;1,8;3;0;0;1
4243;46;21;68;94720;1;0,2;2;0;1;0
1590;57;32;124;90049;1;0,2;2;0;1;0
2488;45;20;40;92886;1;0,5;3;1;1;0
1937;50;24;82;90291;3;3;2;0;1;0
4326;59;35;52;95616;4;1,5;1;0;1;1
4130;29;3;10;91320;4;0,4;1;0;1;1
3259;41;17;42;91910;4;2,2;2;1;1;0
4371;27;3;18;93524;1;0,4;3;0;0;0
1777;50;26;42;94080;4;1,1;2;0;1;0
4651;47;23;63;95521;1;0,8;3;0;1;0
1692;56;32;48;94117;1;1,6;3;0;0;1
2094;48;23;75;94111;4;3,6;3;0;1;1
849;57;32;19;94720;4;0,9;2;0;1;0
3006;62;36;148;94111;3;7;2;0;1;0
1519;43;17;64;95053;4;3;3;0;1;0
2554;39;15;91;93907;2;1,7;2;0;0;0
1371;30;5;20;94545;4;0,5;3;0;0;0
1045;49;24;79;95827;1;0,2;2;0;1;1
3215;61;37;33;91775;3;0,1;3;0;1;0
4986;48;23;30;94720;3;1,7;2;0;1;0
1349;38;14;35;95051;1;1,5;2;0;1;0
4929;57;33;28;90245;1;1,2;3;0;1;0
2137;50;26;115;95008;1;1,2;3;0;0;2
934;50;23;9;92064;2;1;2;0;1;0
2981;25;-1;53;94305;3;2,4;2;0;0;0
944;30;4;80;94701;4;1,8;2;0;0;0
4611;37;13;79;91330;1;3,6;2;0;1;0
1643;27;3;84;95814;3;1,5;1;0;1;1
1614;60;34;52;94305;4;1,7;2;1;1;0
2712;39;14;34;94939;4;1,7;1;0;1;1
2748;38;12;30;91765;2;1,4;3;0;0;1
2470;43;18;89;92780;1;0,1;2;0;0;1
946;57;32;33;91745;1;1,5;2;0;1;0
1903;39;14;85;94005;3;1,2;3;0;1;1
104;43;18;22;95670;2;0,3;2;0;1;0
4474;31;5;18;92115;2;0,3;1;0;1;1
229;47;22;53;92677;4;1,9;3;1;0;1
4032;42;18;29;91320;1;0,3;3;0;1;0
4800;44;20;33;94306;4;0,3;1;0;0;1
335;48;23;45;95053;1;1,3;2;0;1;0
1242;64;38;39;92120;1;0,5;3;1;1;1
1402;40;15;84;94521;1;3,7;3;0;1;0
2000;48;22;80;93940;2;2,4;2;0;1;0
1961;44;19;30;95616;4;0;2;0;1;0
4109;64;39;73;94025;3;2,2;1;1;0;1
373;56;30;44;93105;4;0,7;2;0;1;0
3630;50;26;82;95051;1;0;1;0;1;1
659;52;26;35;91711;3;0,9;3;0;0;0
683;58;34;12;90504;1;0,1;2;0;0;1
4476;43;18;59;95039;3;0,8;3;0;1;0
1047;51;26;34;94105;4;0,4;2;0;0;0
2951;42;16;55;95820;1;0,7;3;0;1;0
1286;38;13;113;94720;4;1,7;2;0;0;1
2001;28;2;22;95670;1;0,1;2;0;1;0
1749;49;23;79;95819;3;0,7;2;0;1;0
4757;30;4;78;92677;4;2,2;2;1;0;0
360;32;6;32;93106;1;1,9;3;0;1;0
4362;55;30;42;93940;2;2;2;0;0;1
4743;58;33;25;92121;4;0,9;2;0;1;1
3403;64;40;95;90095;2;0;3;0;1;1
1772;46;21;9;95023;2;0,7;3;0;1;0
629;49;24;51;90071;1;1,3;2;0;0;0
400;28;3;84;90024;4;0,2;1;0;1;1
2702;50;26;55;94305;1;1,6;2;0;1;0
722;49;24;39;92717;1;1,4;3;0;1;0
3864;34;10;21;91770;4;0,7;2;0;1;0
2797;57;32;30;94024;2;2;2;0;0;0
1368;62;38;42;95747;3;0,1;3;0;0;1
4413;34;10;19;91711;4;0,4;2;0;0;0
3560;51;25;68;94065;1;1,5;2;0;0;0
289;44;19;172;94306;2;4,3;3;1;1;1
4636;30;5;85;91910;2;2,5;1;1;1;1
2382;33;9;49;94928;1;2,4;2;0;1;0
91;55;30;118;90277;4;5,6;2;0;1;0
4034;54;24;69;93117;3;1,4;3;0;1;0
4270;47;23;12;92518;4;0,5;2;0;0;0
4519;53;28;30;94609;4;0,2;2;0;1;0
4894;42;12;39;94704;3;2;3;1;1;1
878;35;11;59;95123;4;0,1;2;0;0;0
2826;35;10;48;95060;1;2,5;3;0;1;0
3297;63;37;132;94080;1;4,4;2;0;1;0
382;55;29;73;95616;2;2,3;3;0;1;1
2644;63;38;14;92630;4;0,4;2;0;1;1
718;59;34;94;93940;3;0,5;1;0;0;1
4164;54;28;108;94110;4;1,9;2;0;1;0
2070;30;4;35;90059;4;0,8;1;0;1;1
2106;31;5;49;94114;4;1,8;3;0;1;1
176;45;20;85;91711;4;1,1;2;1;1;0
1074;33;8;122;94583;1;0;1;0;1;1
2047;43;16;161;95134;3;8;2;0;1;1
2968;38;14;95;94109;2;1,9;1;0;1;1
1549;57;32;21;92037;4;0,9;2;1;0;0
3755;63;37;112;93106;4;2,4;3;0;1;1
2359;53;27;63;93109;2;0,8;3;1;1;0
2546;25;-1;39;94720;3;2,4;2;0;1;0
3489;40;15;51;94117;2;1,1;2;0;1;0
3346;35;11;14;94720;4;1;1;0;1;1
496;25;0;44;94545;4;0,6;2;0;1;1
1238;38;13;169;92093;1;6,8;3;0;1;2
168;33;9;23;94305;3;0,9;3;0;1;1
2355;35;9;8;94043;1;0,4;2;0;1;0
1474;65;35;23;91711;1;1,5;3;0;1;0
4509;27;2;85;94117;1;1,9;1;0;1;1
581;52;22;22;90049;4;0,4;3;0;1;1
1116;51;24;84;94117;3;2;2;0;0;0
4392;46;22;113;94105;2;3,3;1;0;0;1
2373;34;10;45;93943;3;2,8;1;0;1;1
3978;54;27;51;94309;3;1;2;1;1;1
4949;44;20;43;95032;1;0,7;1;0;0;1
759;64;39;35;90266;1;1,5;2;1;0;0
3178;30;4;83;91007;2;1,5;3;0;0;1
4831;37;12;60;95616;4;2,1;3;0;1;0
4603;57;32;81;94305;2;3,7;1;0;1;1
2771;36;6;69;90024;4;4;3;0;1;0
693;26;2;30;94720;1;1;3;0;0;0
1492;38;12;38;94553;2;0,3;1;0;1;1
1991;32;8;29;92807;1;0,2;3;0;1;1
3349;61;35;18;94303;3;0,3;3;0;0;0
1171;35;10;104;91320;3;0,6;2;0;0;1
681;61;36;51;94706;3;1,5;1;0;0;1
344;35;5;22;93407;1;0,67;3;0;0;0
2159;50;25;83;94720;4;3,1;1;0;0;1
1747;62;36;25;90740;3;0,3;3;0;1;1
3999;34;10;41;94102;1;1,33;1;0;0;1
1631;41;17;99;92096;2;1,8;2;0;1;1
3615;34;10;154;94583;3;5,4;2;0;1;0
1594;63;38;83;91320;3;1,8;2;0;1;0
3635;59;35;73;90009;4;2,3;3;0;0;0
4446;49;25;135;90064;2;1,4;1;0;1;1
3605;63;38;59;92612;3;0,5;2;0;1;0
4587;58;32;61;91910;3;2,2;3;0;1;1
2231;36;11;183;94704;1;3;3;0;1;1
3251;36;11;101;90212;3;1,2;3;1;0;1
4517;58;32;12;95929;4;0,7;3;0;1;0
4895;48;22;74;93950;1;1,4;3;1;0;0
3235;37;12;114;91107;3;0,6;2;0;1;0
1852;34;8;60;94015;4;2,2;2;0;0;1
1834;34;9;178;94303;1;0,8;3;0;0;0
2035;59;33;91;92821;4;1,9;2;0;0;0
3459;48;23;191;95053;2;2,8;1;0;0;1
148;50;25;83;94542;4;3,6;3;0;1;0
3227;32;8;82;93943;3;1,5;1;0;1;1
4613;32;6;18;92007;2;0,3;2;0;1;0
1075;39;14;75;95762;3;3;1;0;0;1
660;63;39;79;93009;4;1,7;2;0;1;1
508;64;40;32;91380;3;0,1;3;0;1;0
4837;54;24;72;93943;3;1,4;3;0;0;1
2551;32;8;20;93106;1;0,5;3;0;1;0
2824;33;7;21;90095;1;0,6;3;1;0;0
2798;65;39;53;94608;1;2,5;3;0;1;0
3396;41;16;35;94061;2;1,4;2;0;0;0
2616;57;32;68;94542;4;0,7;1;0;1;1
2609;61;35;79;94024;2;2;1;0;1;1
232;35;10;61;94304;4;2,1;3;0;1;0
4178;47;23;75;93106;1;2,6;2;0;0;1
805;54;28;34;94061;4;0,7;2;0;1;0
3802;34;8;20;95616;2;0,3;1;0;1;1
1477;61;37;64;92028;1;0;2;0;0;1
521;61;37;54;90024;4;1,2;2;0;1;1
1106;35;10;182;95051;1;0,3;2;0;1;1
2575;45;18;10;92037;3;0,67;2;0;1;0
2563;45;21;39;92521;2;2,1;3;0;0;1
2224;53;28;74;91711;3;2;2;1;0;0
4441;43;19;75;90041;3;0,3;3;0;0;0
3077;29;-1;62;92672;2;1,75;3;0;0;1
4977;29;5;31;95039;1;1,8;2;0;1;1
1849;35;10;30;95032;3;1,3;1;1;1;1
1574;44;20;69;92028;1;0,8;3;0;1;1
1128;35;9;58;91101;1;2,5;1;0;1;1
1930;44;19;30;94501;1;0,6;3;0;1;0
3001;40;14;164;94720;1;4,3;2;0;0;0
887;54;29;74;93907;3;2;2;0;0;0
351;39;14;113;94301;1;1;3;1;1;0
4853;38;12;33;94708;4;1,5;3;1;0;1
2061;54;29;34;92093;4;0,1;3;0;1;1
2850;45;21;158;94085;2;6,67;1;0;1;1
2673;30;5;131;92068;3;0,5;3;0;0;0
966;62;36;135;94301;2;5,2;2;0;1;0
2344;58;34;55;90032;1;0,8;1;0;1;1
1122;30;6;49;91330;3;0,7;2;0;0;1
33;53;28;41;94801;2;0,6;3;0;0;0
3907;61;35;60;90245;1;2,5;3;0;1;0
3673;38;13;65;91320;3;0,5;3;0;1;0
3343;38;13;84;91330;3;1,2;3;0;1;1
4760;66;41;80;92093;4;0,1;2;0;1;0
75;28;3;135;94611;2;3,3;1;0;0;1
1012;52;27;39;94304;2;0,7;2;0;1;0
4971;37;13;95;95821;2;1,7;2;0;0;1
4596;32;7;101;90232;4;2,2;2;0;1;0
1032;56;32;25;95403;1;0,1;2;0;1;0
3993;47;22;95;93311;2;3,9;2;0;0;0
2363;40;15;31;94720;1;0,6;3;0;1;0
2543;54;30;79;92630;4;1,6;2;0;1;0
4871;55;30;28;94040;2;2;2;0;1;1
2984;56;32;90;95054;2;0,3;1;0;1;1
206;38;12;91;95616;4;1,4;2;0;0;1
4676;35;11;32;91360;1;1,33;1;0;1;1
3119;64;39;114;90095;1;0,8;3;0;1;1
1762;52;27;45;94720;2;2;2;0;0;1
2708;35;9;131;90089;3;0,3;3;0;1;1
1871;63;37;110;95032;1;4,1;3;0;0;1
4440;33;7;104;94542;2;3,6;3;0;0;1
4152;44;18;123;95841;3;5,9;1;0;1;1
540;57;32;21;94720;1;0,3;3;0;0;0
294;45;19;93;90095;4;2,6;3;0;0;0
3990;49;25;90;92709;4;1,4;2;1;1;0
1470;59;35;59;90005;4;1,2;2;0;1;0
4060;53;27;39;91330;4;1,5;3;0;1;0
1521;54;30;120;95039;1;7,4;1;0;1;1
980;50;26;48;94720;4;0,1;3;0;0;1
3928;59;34;38;90291;4;1,7;1;0;0;1
2612;33;8;78;95051;3;0,6;2;0;1;0
1836;47;23;171;94546;2;1,4;1;0;1;1
2467;24;-2;80;94105;2;1,6;3;0;1;0
951;32;6;112;95054;4;1,8;2;0;1;0
3392;55;29;94;94109;1;0,8;3;0;0;1
338;57;27;68;94117;1;1,4;3;0;1;0
4085;60;36;59;94124;1;0;2;1;0;0
1639;32;7;125;95133;1;0;1;0;1;1
4730;40;14;18;90049;4;1,5;3;0;0;0
1705;46;22;198;95521;2;6,67;1;0;0;1
2568;58;33;142;92333;2;3,9;1;0;0;1
4657;47;21;38;91101;3;0,6;2;1;0;0
2263;55;29;131;95070;2;0,7;2;0;0;1
1058;30;0;63;95503;2;1,75;3;0;1;0
3401;48;22;39;94065;1;1,2;2;0;0;0
1791;44;20;43;92124;1;0,3;3;1;0;1
788;45;15;202;91380;3;10;3;0;0;0
2405;41;15;75;95010;1;1,5;3;0;1;0
2486;61;36;48;94025;3;1,5;1;0;0;1
3327;53;27;174;91006;1;2,9;2;0;1;0
2059;33;7;18;92093;1;0,6;3;0;0;0
3607;43;18;9;96145;2;0;3;0;1;1
3070;47;20;68;91320;1;2,67;2;0;1;1
1972;42;17;72;95616;4;1,1;2;0;0;1
1217;50;25;84;91107;1;1,3;3;1;1;0
927;33;9;22;93940;4;0,4;2;0;1;0
3019;58;32;49;94005;1;1,4;1;0;1;1
193;50;23;85;92122;1;2,67;2;0;1;0
3510;38;12;61;91330;3;0,9;3;0;0;0
4721;41;15;88;90740;1;2,8;3;1;0;0
3201;48;23;70;92122;1;2,8;2;0;0;0
3330;35;10;132;94123;1;3,8;1;0;0;1
3861;31;6;64;92121;2;0,1;1;0;1;1
3081;48;22;40;94063;3;2,2;2;0;1;0
90;25;-1;113;94303;4;2,3;3;0;0;1
3903;45;21;39;93305;2;2,1;3;0;0;1
94;60;34;64;94550;2;1,7;3;1;1;0
147;46;19;84;94102;1;2,67;2;0;1;1
4306;26;1;54;91709;2;1,6;3;1;0;0
2572;34;8;40;91768;2;2;3;0;0;0
1996;35;11;41;94720;1;2,4;2;0;0;0
3226;52;28;38;95064;4;0,9;2;0;0;1
3623;54;29;60;94901;4;3,8;2;0;1;1
813;36;10;65;90089;4;2,2;2;0;0;0
4608;50;23;18;93117;1;0,5;2;0;1;1
2342;36;10;91;92028;1;1,5;3;0;1;0
947;36;11;64;91355;4;2,1;3;0;0;0
3591;32;7;64;92630;2;0,1;1;0;1;1
2685;30;5;98;92028;4;1,8;3;1;1;1
1718;33;7;101;93727;1;2,7;2;0;0;0
2937;49;22;81;94301;3;2;2;0;1;0
2751;57;33;24;94501;1;0,1;2;0;0;0
1302;41;17;153;92121;1;1,7;1;0;0;1
3375;57;31;61;91360;1;2,2;3;0;0;0
2304;47;21;89;94720;2;0,8;3;0;1;1
1681;62;36;44;92093;2;1;3;0;0;0
2516;31;5;34;94558;1;1,9;3;0;1;0
764;54;28;65;94122;1;0,2;1;0;0;1
2281;33;7;30;94920;2;2;3;0;0;0
8;50;24;22;93943;1;0,3;3;0;0;1
4138;37;12;52;93943;2;1,1;2;0;1;0
760;53;28;59;91950;2;1,9;2;0;1;0
3332;67;42;21;94607;3;0,1;3;0;0;1
1710;58;34;88;93555;2;1,6;1;0;1;1
4848;37;11;65;94143;2;2,4;2;0;1;0
4146;58;34;63;94305;4;1,6;2;0;0;0
602;58;32;38;91320;1;1,4;1;0;1;1
4731;52;27;29;94720;1;1,5;2;0;0;1
3271;50;23;179;94609;4;3,6;2;0;1;0
4379;38;12;45;91768;4;1,2;2;0;1;0
3112;34;9;78;90095;3;0,6;2;0;1;0
1092;41;17;48;94720;3;0,3;3;0;1;1
3743;32;8;181;94596;1;6;1;0;1;1
4942;28;4;112;90049;2;1,6;2;0;1;0
4198;51;25;21;90840;2;0,4;3;1;1;0
3511;38;11;69;92124;3;2,33;2;0;0;0
2434;37;11;123;94720;1;2,3;2;1;1;0
928;65;40;95;95014;3;3,7;2;0;0;1
4527;36;9;40;92518;2;1,67;2;1;1;0
25;36;11;152;95521;2;3,9;1;0;0;1
3625;58;28;70;92028;1;1,4;3;0;0;0
1339;51;27;42;90245;4;0,1;3;0;0;0
2887;50;25;58;93940;1;1,3;2;0;1;0
2605;37;10;35;92521;4;1;2;0;0;0
4156;55;30;28;90291;4;0,1;3;0;1;1
34;30;6;18;91330;3;0,9;3;0;0;0
2601;42;18;51;92868;3;2,1;3;0;0;0
885;38;13;55;91709;2;1,1;2;0;1;0
2810;42;16;185;94705;3;2,2;2;1;1;1
290;42;15;24;92121;3;1;2;0;1;1
415;52;28;41;94309;3;1,9;2;0;0;1
1189;45;19;58;94305;2;0,4;3;1;0;1
1494;58;34;84;91380;2;2,8;1;0;1;1
1934;63;39;40;91311;4;1,2;2;0;1;0
3122;28;2;13;91791;4;0,4;1;0;0;1
3354;49;23;19;94521;4;0,6;3;0;1;1
435;30;6;45;95819;1;1,8;2;0;1;0
410;49;22;82;90019;1;2,67;2;0;1;0
1027;28;4;43;95616;3;0,1;2;0;1;0
3831;34;8;34;92130;2;2;3;1;1;0
3086;55;29;71;91311;3;0,3;2;0;0;1
4151;46;20;72;92009;2;1,7;2;0;1;0
4675;40;14;93;93933;1;2,8;3;1;1;2
3467;33;6;53;94122;2;1;2;0;0;1
2398;47;22;93;90266;1;0,2;2;0;1;0
2754;54;27;195;93117;2;4,75;2;0;0;0
3727;39;13;43;94304;3;0,5;3;0;1;0
3213;61;35;59;92697;1;2,8;2;0;0;0
2367;30;4;63;95008;4;2,2;2;1;1;0
497;50;24;83;94301;2;0,4;3;0;1;0
3564;53;27;139;94998;1;0,9;3;0;0;1
571;49;25;161;94928;3;6,5;2;1;0;0
3440;43;17;80;95020;3;0,1;1;0;1;1
2368;26;1;80;95616;4;0,2;1;0;1;1
774;41;16;120;92612;2;3,9;1;0;1;1
2007;64;39;75;94720;4;0,1;2;0;1;1
3696;61;35;60;90272;1;2,8;2;0;1;0
930;55;30;22;92121;1;1,5;2;0;0;1
2452;51;25;119;93940;1;4,9;1;0;1;1
2477;54;28;30;95616;4;0,7;2;0;1;0
3209;53;29;61;95032;4;1,6;2;0;1;0
3948;32;8;119;94710;4;5;3;0;1;0
4395;57;31;25;94523;2;0,7;2;0;0;0
833;36;10;31;90630;4;1,2;2;0;0;0
3664;26;2;60;94111;4;1,6;1;0;1;1
86;27;2;109;94005;4;1,8;3;0;0;0
3631;41;16;79;95020;1;4;3;0;1;0
4839;56;30;44;91330;4;2,5;1;0;0;1
3724;51;27;45;94022;1;1,6;2;0;1;0
608;28;3;170;95014;1;0,1;3;0;0;0
3915;27;3;35;94080;1;1,8;2;0;0;0
4503;57;32;80;92647;2;0;3;0;0;0
3113;56;32;65;92677;2;3,2;3;0;1;0
2908;45;20;40;91763;2;1,3;1;0;0;1
1669;63;37;20;90066;1;0,8;2;1;0;1
4658;41;16;9;90089;2;0,3;2;0;0;1
2920;35;10;64;94542;3;2,3;1;0;1;1
3965;43;18;78;94025;4;1,9;3;0;0;0
3913;40;14;69;95348;1;1,5;3;0;0;0
1346;57;32;23;92126;2;0,2;3;0;0;0
454;54;28;53;92109;4;2,8;2;1;0;0
4791;35;11;101;94143;3;3,8;3;0;1;0
185;52;26;63;92717;2;1,5;2;1;1;0
1925;62;38;78;92009;1;1,8;3;0;0;0
4296;65;41;91;91360;2;0;3;0;0;0
4975;59;33;64;92867;4;1,7;2;0;0;1
1532;39;13;25;90304;4;1,5;3;0;1;0
3002;33;7;81;92647;3;1,6;1;0;1;1
4787;36;12;18;95521;4;1;1;0;1;1
624;44;19;34;95616;1;0,3;3;0;1;0
3552;60;35;55;92807;3;0,5;2;0;0;0
1664;57;32;42;95070;3;0,5;2;1;1;0
941;61;36;193;94303;1;4,7;3;0;1;1
3793;62;36;109;92709;4;1,7;3;0;1;0
559;30;5;38;95064;4;2;2;1;0;0
1393;47;23;33;90095;1;1;1;0;1;1
2414;60;34;31;91007;2;1;3;0;0;0
2895;49;25;19;94545;1;0,9;3;0;0;0
2079;35;11;21;95814;2;1;2;0;0;0
4602;37;12;55;95630;1;2,5;3;0;1;0
2225;38;12;29;92084;2;1,4;3;0;1;0
4153;44;18;91;91361;2;0,8;3;0;1;1
71;42;18;115;91335;1;3,5;1;0;0;1
2534;54;29;111;93023;1;1,1;2;0;1;0
4656;33;7;188;95054;2;7;2;0;0;0
363;58;32;113;94590;2;1,4;1;0;0;1
1706;48;24;79;90245;4;1,4;2;1;0;1
2891;48;24;18;94304;4;0,2;1;0;1;1
4781;47;20;49;92104;3;2,5;2;0;1;0
3091;61;31;19;91109;1;1,5;3;0;1;0
1505;30;6;191;92028;2;4,4;2;0;1;0
1409;40;14;129;90089;1;5,9;3;0;1;1
127;31;5;115;92096;2;1,3;1;0;1;1
4544;62;38;33;95134;3;0,1;3;0;1;0
3067;63;33;40;91320;4;1,67;3;0;1;0
429;62;38;24;94720;2;1;1;0;0;1
2899;27;1;140;91711;1;5,9;2;1;1;0
449;31;4;60;94588;4;2;2;0;1;1
1069;34;9;105;90035;3;1,2;3;1;0;0
905;28;2;51;90503;4;1,8;2;1;0;0
3266;40;14;61;94612;3;0,5;3;0;1;0
2004;44;20;124;90277;1;4,7;1;0;1;1
1845;65;40;21;92717;3;0,1;3;0;0;1
3191;56;26;74;91335;1;3;3;0;0;0
402;29;2;30;95747;4;1,5;2;0;0;1
677;47;23;11;94063;1;0,9;3;0;0;1
3114;31;5;50;91330;4;2,1;3;0;1;0
4940;54;29;70;92093;3;2;2;0;1;1
4061;31;6;174;93023;2;6,7;1;0;1;1
2987;55;30;153;94305;2;2,8;2;1;1;0
1245;33;8;130;94720;3;6,3;2;0;0;1
3254;55;30;35;94025;1;1,5;2;0;0;1
1175;36;10;42;93106;4;1,2;2;0;1;1
4016;25;-1;139;93106;2;2;1;0;0;1
394;53;28;18;90095;4;0,1;3;1;1;1
4399;63;37;61;91942;1;2,5;3;0;0;0
2146;57;32;40;94720;3;1,7;1;0;1;1
1420;30;4;39;91105;1;1,5;1;0;0;1
1913;42;16;191;94304;3;4,8;2;1;1;0
938;38;13;62;92093;3;0,7;2;1;1;0
4047;25;0;72;94303;3;2,6;3;0;1;0
1982;52;26;84;91768;3;3;2;0;1;0
194;48;24;21;93118;4;0,6;1;0;1;1
4520;45;21;32;92399;4;0,6;1;0;0;1
4844;61;34;41;94123;4;2,5;2;0;1;0
3784;60;34;51;90028;3;1,4;3;0;0;0
4424;61;36;40;95816;3;0,5;2;1;0;0
2014;40;15;52;92691;3;0,8;3;0;1;0
4213;50;23;9;94109;1;0,5;2;0;1;0
1910;56;30;101;90048;3;1,7;2;0;0;1
2552;46;22;43;92120;2;2,1;3;1;1;1
3083;39;13;40;92122;3;0,9;3;0;1;0
1882;46;19;82;91365;3;2,67;2;0;0;0
1323;32;5;48;94022;2;1,67;2;1;1;1
4291;66;42;95;94596;2;0;3;0;1;0
3505;46;20;15;95370;4;0,6;3;1;1;0
4749;43;18;38;94309;1;0,5;3;0;1;0
2787;36;10;83;94705;1;2,8;3;0;0;1
3879;35;11;81;92064;2;0;1;0;1;1
2108;41;17;85;90291;4;0,2;3;0;0;0
49;56;26;81;95747;2;4,5;3;0;0;1
3785;30;6;115;94611;4;3,8;2;0;1;0
4028;46;21;42;93727;4;1,9;3;0;1;0
531;54;30;21;91706;2;0,2;1;0;0;1
3556;35;9;81;91107;1;2,7;2;0;1;0
4974;31;1;68;95045;4;4;3;0;1;0
264;27;1;74;92121;4;1,8;2;0;1;1
3370;34;10;84;95616;4;0,1;2;0;1;0
4223;51;25;58;93106;3;0,7;2;0;0;0
2613;50;26;40;95138;4;1,1;2;0;0;0
1396;47;23;190;92831;4;0,3;3;0;0;0
124;37;13;84;92130;1;3,6;2;1;0;0
2914;39;12;75;94501;3;2,33;2;0;1;1
145;49;23;70;92093;2;1,5;2;0;0;0
3153;40;15;83;90275;1;1;3;0;0;0
2208;38;12;180;90245;1;2,8;3;0;1;1
3134;30;5;73;93711;3;2,6;3;0;1;0
901;30;4;51;94709;4;0,2;1;0;0;1
1625;28;2;31;90024;2;0,3;2;1;1;0
4259;52;26;155;92660;3;7,2;2;0;1;0
1022;35;8;41;92612;2;1;2;0;1;1
4532;31;7;35;94025;1;1,33;1;0;0;1
1912;60;35;52;94709;3;0,5;2;0;0;0
4040;34;9;104;92152;1;4,6;1;0;1;1
4782;35;9;25;94526;3;0,1;2;1;1;0
4737;51;25;65;94143;3;0,7;2;0;0;0
3695;38;8;21;92037;1;0,67;3;0;1;0
2508;59;34;60;90048;4;2,1;1;0;1;1
4058;57;32;38;90740;2;2,1;3;0;0;0
3563;32;8;169;94596;1;6,5;3;1;1;0
2340;56;31;72;90095;3;2;2;0;0;0
3005;33;7;88;94583;3;1,6;1;0;1;1
1531;47;21;20;94066;1;0,2;1;0;1;1
4931;63;38;110;90095;3;1,8;2;0;1;0
3894;30;5;40;92521;4;1,7;2;0;1;0
367;50;24;35;92717;1;0,3;3;0;1;0
3530;33;7;25;94132;4;1;1;0;1;1
1249;44;19;35;94305;4;0;2;0;1;0
4512;41;17;9;91911;1;1;1;0;1;1
4932;57;27;55;95616;1;1,4;3;0;1;0
4131;56;30;75;91910;1;1,9;2;0;1;0
1277;42;16;20;95351;2;0,8;3;0;1;1
4023;35;5;81;94234;4;4;3;0;1;0
679;52;27;61;92101;4;1,8;3;0;0;0
1796;49;24;70;90024;1;2,9;1;0;0;1
4515;24;-3;41;91768;4;1;3;0;1;0
2262;30;3;150;94305;4;5;2;0;1;0
1314;52;27;78;92008;4;3,6;3;0;1;0
4910;41;16;25;95014;2;0,1;2;0;0;1
3540;56;30;60;91380;1;2,2;3;0;0;0
1832;47;22;30;94118;4;0,4;2;0;1;1
4805;58;32;40;94124;1;2,8;2;0;0;0
3407;42;12;34;92177;3;2;3;0;0;1
781;32;7;42;92634;4;0,8;1;0;1;1
4690;51;27;43;95053;4;1,1;2;0;1;1
477;60;34;53;92717;1;0,8;2;1;0;1
3189;55;25;90;90717;2;4,5;3;0;0;1
3716;29;5;124;92037;2;0,2;1;0;0;1
2173;39;15;79;92028;2;1,8;2;0;0;0
2629;33;6;78;95819;4;2;2;1;1;0
1427;37;11;60;96651;3;0,5;3;0;1;0
2097;55;29;54;95051;2;2,3;3;0;0;0
2458;42;17;19;92115;2;0;3;0;1;1
658;38;8;23;95207;1;0,67;3;0;0;0
66;59;35;131;91360;1;3,8;1;0;1;1
645;52;27;33;92121;2;2;2;0;1;0
1729;52;26;28;95405;1;0,3;3;0;1;0
1198;48;23;8;92866;1;0,4;3;0;0;1
1003;46;20;85;95617;2;0,4;3;0;0;0
470;48;23;10;94609;2;0,7;3;0;1;1
1222;30;5;121;94132;2;3,3;1;0;0;1
584;24;-1;38;95045;2;1,7;2;0;1;0
1419;65;41;154;92008;2;4,6;2;1;1;1
3465;61;37;172;92612;4;4,25;1;0;1;1
4919;50;25;42;90232;2;0,7;2;0;0;1
3871;25;0;25;94596;2;0,9;3;0;0;0
134;30;4;39;90245;3;1,1;2;0;1;0
737;61;35;152;91016;3;3,3;3;0;1;0
4247;60;35;24;94920;1;1,5;2;0;0;0
225;52;27;58;94305;4;1,8;3;0;0;0
3382;39;15;143;91711;1;3,5;1;0;1;1
1195;29;3;41;94305;4;1,3;3;0;1;0
3997;50;24;11;94501;4;0,6;3;0;0;1
3598;56;26;51;92028;3;2;3;0;1;0
4219;52;27;43;94005;4;0,2;2;0;0;1
4745;44;20;72;95616;3;0,3;3;0;1;0
1382;38;12;22;91380;3;0,2;2;0;1;0
3358;32;6;112;94111;1;2,7;2;1;1;1
1053;43;17;49;95812;3;2,2;2;0;1;1
4242;34;9;40;95054;4;2;2;0;1;1
2558;36;11;23;94553;4;0,2;3;0;1;0
4088;52;28;179;94583;4;4,2;3;0;0;0
2528;27;1;43;95120;3;1,1;2;0;0;0
2592;31;7;8;95131;4;0,7;2;0;0;0
278;29;2;30;92126;4;1;3;0;0;0
3456;43;19;28;93010;3;0,5;1;0;1;1
1724;39;15;55;95821;1;1,5;3;0;1;0
3473;54;27;120;92672;4;3;2;0;1;0
2141;53;27;89;92130;1;0,8;3;1;1;0
2804;43;18;41;92831;1;0,3;3;0;1;0
167;25;1;21;95827;3;1;2;0;0;0
3195;41;15;65;90019;3;0,5;3;0;0;0
4287;53;29;20;93955;1;0,2;1;0;1;1
3541;39;15;30;94305;4;0,3;1;1;0;1
657;37;11;81;94539;1;2,8;3;0;0;0
2522;49;23;29;94551;4;1,8;1;0;1;1
1072;39;14;61;94005;3;0,5;3;0;1;0
3179;46;21;71;95814;4;1,9;3;0;0;0
3986;65;40;32;90095;1;1,1;3;0;1;0
1945;52;28;39;90095;3;1,9;2;0;1;1
4483;40;14;28;90404;2;0,8;3;0;0;0
4765;56;32;88;95051;4;1;2;0;1;1
535;53;28;41;93117;2;0,6;3;1;0;0
3923;31;4;20;95616;4;1,5;2;0;1;0
2939;33;9;61;93943;3;2,6;2;0;1;0
4294;63;38;41;90034;2;1,5;1;0;1;1
4732;37;11;29;91711;2;1,4;3;0;1;1
4052;55;29;162;93105;1;2,9;1;0;1;1
812;63;33;52;94720;4;1,67;3;0;0;0
4696;45;19;70;95605;1;2,8;1;0;0;1
1671;38;14;25;95135;4;0,4;2;0;1;0
157;26;0;15;92131;4;0,4;1;0;0;1
2384;63;39;52;90033;2;1,1;1;0;1;1
2778;59;33;91;94122;2;0,7;2;0;1;1
3206;59;33;38;92407;1;1,4;1;0;1;1
3238;35;9;22;94085;3;0,1;2;0;1;1
3285;25;-1;101;95819;4;2,1;3;0;0;1
4240;62;36;60;92182;3;2,2;3;0;1;0
1700;51;25;15;94720;4;0,6;3;0;0;1
3277;55;31;159;92123;1;3,9;3;0;0;1
4383;60;34;38;92182;3;2,2;3;1;0;0
630;45;19;71;91711;4;2,9;1;0;1;1
999;52;27;94;93106;1;2,8;2;0;1;0
3079;38;13;63;92325;3;0,5;3;1;1;1
4937;45;20;94;92009;3;0,5;3;0;0;0
3147;26;1;38;91910;4;1,7;2;0;1;0
2160;61;35;99;94085;1;4,8;3;0;0;2
1370;57;33;43;91902;1;1,8;3;0;0;0
2221;65;40;80;94105;1;0,8;3;0;1;0
4485;36;11;195;95747;2;3;1;0;1;1
3275;31;5;110;92123;2;1,5;3;0;1;0
4014;62;38;23;91304;2;0,3;3;0;0;0
2480;55;30;82;94720;4;3,8;2;0;1;0
3255;61;37;9;93907;2;0,3;3;0;1;0
4991;55;25;58;95023;4;2;3;0;0;1
4403;55;25;52;90095;1;1,4;3;1;0;0
3355;42;18;39;92703;1;0,3;3;0;1;0
997;33;6;49;92037;2;1,67;2;0;0;0
4539;51;24;85;94305;3;2;2;0;0;0
1842;42;17;91;94583;1;0,1;2;0;1;1
1170;40;16;32;92110;1;1,4;3;0;1;0
2228;61;35;59;90840;4;1,7;2;0;1;1
4175;40;14;59;91335;3;0,5;3;0;1;0
4553;50;23;64;92037;1;2,67;2;0;0;0
4548;50;25;32;94304;2;0,7;2;0;1;0
974;43;18;85;92703;1;4;3;0;1;0
663;65;41;185;93561;3;2;2;0;0;0
757;56;31;82;95348;4;1,3;3;0;1;0
1366;60;35;43;94720;3;0,9;3;0;1;1
1351;29;2;29;90266;4;1,5;2;0;0;1
4232;56;32;60;93106;1;1,8;3;0;1;0
3027;44;20;81;90254;4;0,8;1;0;0;1
4817;50;24;83;92333;3;3;2;0;0;1
3820;57;27;50;93950;4;2;3;0;1;0
1161;28;1;40;95134;1;2;2;1;1;0
2065;54;29;65;94545;4;1,8;3;0;0;1
4522;56;31;25;95123;3;0,1;2;0;0;0
1893;55;30;55;94110;3;1,7;1;0;0;1
1736;60;36;31;95051;3;0,4;2;0;1;1
4066;44;19;68;94305;1;3,7;3;0;1;0
4271;45;19;19;93117;3;1,5;1;0;1;1
3855;31;6;83;94720;4;1,8;3;0;1;0
2682;37;11;35;94609;2;0,8;3;0;0;0
4095;53;23;8;95616;4;0,4;3;1;1;0
3306;39;13;78;95616;1;2,8;3;0;0;0
3089;56;31;28;94720;1;1,3;1;0;0;1
2689;56;30;34;94542;2;0,7;2;0;1;0
632;45;18;40;94960;3;1;2;0;1;0
1646;56;32;89;92096;4;1;2;1;1;0
4423;57;31;164;94607;2;3,8;3;0;1;2
583;44;18;72;95678;1;0,7;3;0;0;0
4416;60;35;65;90245;2;1,5;1;0;0;1
831;29;5;72;92407;3;0,7;2;0;0;0
1088;38;13;54;92028;3;0,7;2;0;0;0
3974;61;35;53;90064;1;2,8;2;0;1;0
1794;35;9;113;94596;3;0,8;3;0;1;0
3637;37;11;64;96094;3;0,9;2;0;1;0
729;45;20;114;94720;2;4,4;2;0;0;0
2709;49;24;75;95670;1;2,8;2;0;0;1
565;33;7;32;94904;1;0,6;3;0;0;0
3471;57;31;175;90503;2;0,5;1;0;1;1
1145;49;24;91;95822;1;2,8;2;0;0;0
1872;31;5;99;94065;4;1,8;2;0;0;0
1317;28;3;51;94086;2;1,6;3;0;0;0
2290;59;35;68;93117;1;1,8;3;0;0;0
2092;31;4;41;91360;1;2;2;1;1;0
388;31;5;82;95482;4;1,8;2;0;1;0
2073;29;3;39;95831;4;0,2;1;0;1;1
2018;42;15;14;92064;3;1;2;1;0;0
7;53;27;72;91711;2;1,5;2;0;1;0
786;46;22;164;94122;2;7,6;1;0;1;1
1467;33;9;145;94303;2;4,33;1;0;0;1
3729;28;3;118;91902;3;2,4;2;0;0;0
2412;47;22;65;91330;3;2,7;2;0;1;0
2846;62;36;85;90019;2;1,7;3;0;0;0
820;56;30;45;90024;4;1,5;3;0;0;0
3366;38;8;21;95060;1;0,67;3;0;1;0
352;28;4;155;92182;4;5,3;2;0;1;0
922;31;5;91;92096;3;1,6;1;0;1;1
4752;41;17;154;92697;1;1,7;1;0;0;1
3369;45;18;163;94720;3;5,33;2;0;0;1
4005;65;39;22;92507;3;0,7;2;0;0;0
792;55;29;65;94501;4;2,8;2;0;1;0
2331;31;5;72;95133;4;1,8;2;0;1;1
2119;31;5;125;91320;2;1,3;1;0;1;1
1612;58;32;75;92096;2;2,3;3;0;0;0
237;43;18;89;93407;3;0,5;3;0;1;1
3782;65;40;118;94104;1;1,3;1;0;1;1
200;36;11;158;92152;1;5,1;3;0;1;1
1076;41;15;59;90024;4;0,2;3;0;0;0
4513;46;22;25;95747;4;0,6;1;0;1;1
1998;54;30;61;92093;1;1,8;3;0;1;0
116;65;40;81;92024;3;1,8;2;0;1;0
3584;30;3;33;95112;4;1,5;2;0;0;0
1731;41;17;51;94402;2;0,6;3;0;0;1
4166;63;38;135;91768;2;3,8;3;0;0;1
3292;53;28;38;94998;1;1,3;2;0;1;0
807;53;27;44;94542;4;1,5;3;0;0;0
4065;63;39;50;94402;1;0;2;0;0;0
4616;37;12;84;93943;4;0,7;3;0;1;0
3141;33;7;31;94303;4;1;1;0;1;1
3979;43;18;19;92325;2;0,3;2;0;1;0
3704;67;41;78;94301;4;2,4;3;1;0;0
2997;42;18;103;91367;1;3,33;1;1;1;1
406;36;11;133;90245;1;3,8;1;1;1;1
3699;38;12;59;96001;3;0,5;3;1;1;1
4683;55;25;44;92093;3;1;3;0;1;0
950;40;16;45;94720;3;0,6;2;0;1;0
4618;38;13;41;95521;3;0,5;3;0;0;1
3603;47;21;42;95841;4;0,1;1;0;1;1
1253;42;17;93;92182;4;1,9;3;0;0;0
1487;35;9;141;93022;2;4,5;2;0;0;0
4255;51;27;68;91711;1;1,6;3;0;1;0
1920;38;13;19;92069;2;1,4;2;0;0;1
17;38;14;130;95010;4;4,7;3;0;0;0
1142;32;7;143;91365;3;2,9;3;0;1;0
4617;66;41;114;92521;1;0,8;3;0;1;2
1239;28;2;63;91116;2;1,6;3;0;1;0
4110;27;0;30;93107;4;1;3;0;1;1
4601;54;24;75;93555;1;1,4;3;0;0;0
3337;60;34;11;94305;4;0,7;3;0;1;0
3835;48;22;28;94720;1;1,4;3;0;1;0
3328;42;18;164;93407;1;1,3;3;1;1;2
3184;44;17;12;94542;3;0,67;2;0;1;0
3562;30;6;31;94720;3;1;2;0;0;0
4915;65;39;94;92374;1;2;1;0;0;1
455;50;24;29;94110;3;0,9;3;0;0;0
446;58;32;65;94590;3;2,2;3;0;1;0
4458;55;29;81;92843;3;1,7;2;0;1;0
3387;35;10;142;94061;4;0,8;3;0;0;0
518;54;27;43;92834;3;1;2;0;0;0
1043;64;34;50;95616;4;1,67;3;0;1;0
4507;39;13;89;92037;1;2,8;3;0;1;1
4862;49;24;18;95616;1;0,4;3;0;1;0
1644;41;16;13;91125;2;0;3;0;1;0
3968;40;15;22;94306;1;0,6;3;0;1;0
1079;51;27;39;92709;2;0,8;1;0;0;1
1133;34;9;55;94920;3;2,3;1;1;1;1
404;55;30;39;92647;2;1,9;2;0;0;0
1097;43;18;29;90245;1;0,3;3;0;1;0
1997;49;24;38;94305;1;1,4;3;0;0;0
1209;50;26;48;91711;1;1,6;2;0;0;1
3429;45;21;24;93106;1;0,9;3;0;0;0
1883;56;32;125;91330;3;0,6;1;0;1;1
69;47;21;60;93407;3;2,1;1;0;1;1
4225;57;27;39;95929;3;1;3;1;0;1
3284;56;30;29;92152;4;0,7;2;0;1;0
3023;59;33;89;94608;4;1,9;2;0;1;1
3318;65;41;79;90035;3;2;3;0;0;0
2491;52;28;168;90404;3;6,5;3;0;1;0
55;29;5;44;95819;1;0,2;3;0;1;0
78;46;20;29;92220;3;0,5;2;0;0;0
4969;58;32;41;93022;4;2,5;1;0;1;1
3639;47;22;38;92866;4;1,9;3;0;1;0
4870;63;39;33;92121;3;0,1;3;0;0;1
4275;30;3;79;91380;4;2;2;0;1;0
2812;36;12;62;94065;4;0,1;2;0;0;0
132;58;34;149;93720;4;7,2;2;0;1;1
2566;40;15;10;94708;2;0;3;0;1;0
3402;39;15;28;95818;1;1,4;3;0;1;1
2736;36;12;70;92131;3;2,6;2;0;1;0
2696;40;15;8;94960;2;0,1;2;0;0;0
2345;65;40;20;94608;3;0,5;1;0;1;1
249;55;29;99;92121;2;1,4;1;0;1;1
4543;53;29;20;94131;1;0,2;1;1;1;1
517;53;27;81;90009;3;1,7;2;0;0;0
4457;29;3;35;94040;2;0,3;1;0;1;1
2847;67;43;105;93711;4;1,7;2;0;1;0
985;50;25;15;92173;1;0,4;3;0;0;0
1628;46;20;82;91016;3;0,7;2;0;1;1
3218;65;39;94;93022;4;4,1;1;0;1;1
3745;54;29;79;90025;3;1,6;3;0;0;0
1057;36;6;25;95020;1;0,67;3;0;1;0
527;26;2;205;93106;1;6,33;1;0;0;1
4009;61;31;154;94555;3;7,5;3;0;1;1
4381;37;13;64;94105;1;1,5;3;0;1;0
2811;58;34;45;93943;4;1,3;2;0;0;0
736;33;7;49;95403;4;2,2;2;0;1;0
889;57;33;182;94114;2;3,3;3;0;0;1
1703;56;30;122;93555;2;0,5;1;0;0;1
4960;51;27;55;93014;1;1,6;2;1;1;0
300;41;15;159;90057;1;5,5;3;0;1;1
3103;49;25;30;90095;4;0,9;2;0;0;1
3427;31;5;115;90025;2;1,5;3;0;1;0
4283;26;0;195;92093;3;6,33;3;1;1;0
3038;27;2;158;95060;3;0,4;2;0;1;0
346;51;27;12;92192;4;0,5;2;1;1;0
4761;50;25;18;95819;2;0;1;0;0;1
925;55;30;32;91330;4;0,1;3;1;0;0
2955;31;7;42;95822;1;2,4;2;0;1;1
1862;62;38;161;90274;1;2,9;1;1;1;1
4312;32;8;14;90034;3;0,9;3;0;0;0
4246;44;20;145;90630;1;3,5;1;0;0;1
3485;45;18;53;92104;3;2,5;2;0;0;0
316;24;-2;51;90630;3;0,3;3;0;1;0
3453;61;37;23;94720;3;0,4;2;0;0;0
3020;58;33;39;94132;2;2,3;3;0;1;0
4148;59;35;180;96008;2;6,5;2;1;1;1
1555;42;15;34;91302;3;1;2;1;1;0
2428;29;5;34;92675;4;0,4;2;0;1;0
4501;50;26;24;94305;4;0,5;2;0;0;1
4534;59;34;19;95762;2;0,5;2;0;1;0
2583;33;9;42;95010;1;2,1;3;0;1;0
2460;62;37;41;95060;3;0,9;3;0;1;1
2138;65;40;83;92354;4;0,1;2;0;1;0
1137;47;21;65;94086;1;1,5;2;1;1;0
2638;51;26;69;94005;3;2;2;0;1;0
2042;45;20;180;95403;3;8,5;2;0;0;0
1328;61;35;30;94720;2;0,2;3;0;1;0
4322;27;0;34;92717;1;2;2;0;0;1
2369;48;22;78;94588;3;2,1;1;0;1;1
1506;51;25;18;92109;1;0,3;3;0;0;1
1725;46;19;24;90025;3;0,67;2;0;1;0
4900;54;29;85;94928;4;1,3;3;0;1;0
4638;44;19;85;92054;4;1,9;3;0;1;1
3826;30;6;69;94305;4;3,4;1;0;0;1
2686;28;2;101;90280;4;2,1;3;0;1;0
431;51;26;113;94086;1;1,3;3;0;1;1
458;29;3;69;94303;3;0,3;3;0;0;0
481;54;29;68;94998;3;1,6;3;0;1;1
4585;26;0;49;90089;3;2,4;2;0;0;0
1016;60;34;62;94303;1;0,8;2;0;0;0
1313;46;21;42;92691;1;2,4;1;0;1;1
57;55;30;29;94005;3;0,1;2;1;1;0
547;27;2;68;94025;3;2,6;3;1;0;0
4481;55;30;145;92037;2;6;3;0;1;1
4868;38;12;61;94598;4;0,2;3;0;1;0
2049;28;4;43;94803;1;1,8;2;0;1;1
3110;60;34;40;93940;3;2,2;3;1;1;0
4195;63;37;31;95819;1;0,5;3;0;1;0
4979;57;27;63;90210;4;2;3;0;1;0
2666;35;9;105;90064;2;4,5;3;0;0;0
3657;35;8;30;95014;4;1;2;1;0;0
4631;46;21;92;92886;1;0,2;2;0;0;0
4120;30;5;85;92624;4;1,8;3;0;1;0
1776;46;22;73;91360;1;0,8;3;0;0;0
1025;58;33;122;93711;4;0,2;2;0;1;0
1856;65;39;30;94304;3;0,7;2;0;1;1
3650;53;29;85;92691;3;1,8;2;0;1;0
702;44;19;62;93106;3;0,8;3;0;0;1
969;55;31;90;92868;1;2,7;2;0;1;1
3420;35;10;34;95503;4;1,7;1;0;1;1
1491;30;4;18;95020;4;0,3;2;0;1;1
4068;52;28;21;94025;4;0,5;2;0;1;0
1398;65;41;45;95521;3;0,1;3;0;1;0
2647;45;20;191;92007;3;2,6;3;0;0;0
4303;52;27;85;92037;3;3,4;3;0;0;0
4649;37;11;75;94704;3;0,9;2;0;1;0
1579;38;13;12;94143;2;0,3;2;1;1;0
381;63;33;34;94305;1;1,5;3;0;1;1
2877;24;-2;80;91107;2;1,6;3;0;0;0
949;30;4;81;92037;1;2,9;3;0;1;1
1369;46;21;40;94025;4;1,9;3;0;1;0
1227;60;36;14;90089;2;0,3;1;0;1;1
3435;56;31;53;95521;2;1,6;3;0;0;0
2632;47;20;62;92521;1;2,67;2;0;1;0
2494;34;9;49;94025;1;2,5;3;0;0;0
3521;60;35;29;92126;3;1,3;2;0;0;0
4122;53;27;65;91711;4;2,8;2;0;0;1
2037;46;19;19;94305;3;0,67;2;0;1;0
3776;32;6;31;90275;2;2;3;0;1;1
4265;57;31;40;94304;2;0,3;1;1;1;1
4573;32;7;81;95112;4;1,8;3;0;1;0
4082;60;35;155;92521;1;1,5;3;0;0;2
3015;60;34;40;91311;1;2,5;3;0;1;0
896;43;17;84;94608;4;2,6;3;1;1;1
209;40;16;73;94110;4;2,67;1;0;1;1
4248;65;39;10;90210;1;0,8;2;0;1;0
2777;46;20;140;93106;2;6,3;1;0;1;1
626;52;28;64;95605;2;1;3;0;1;0
3514;31;4;39;94501;2;1;2;0;0;0
3518;30;6;95;94234;1;3,9;3;0;0;1
4905;64;40;88;94305;1;3,8;1;0;1;1
4869;51;27;62;94063;2;3,2;3;0;0;1
3956;62;36;58;94501;1;0,8;2;0;0;0
4521;32;7;41;94706;4;2;2;0;0;0
3291;52;27;113;92038;1;0,1;3;0;0;1
2226;54;24;25;90505;4;0,4;3;0;0;0
2136;45;15;28;95039;1;0,75;3;1;0;0
3858;63;39;39;91711;1;1,9;2;0;0;0
102;61;36;30;94608;3;1,3;2;0;0;0
1941;57;33;55;92630;1;1,8;3;0;1;0
701;37;11;84;90089;2;1,8;1;0;1;1
1965;34;10;34;95060;1;1,5;2;0;0;1
3588;28;4;29;94080;3;0,1;2;0;1;0
202;35;9;20;94609;2;1,4;3;0;1;1
4269;49;23;108;95616;2;2,4;2;0;1;0
4508;26;1;8;94550;2;0,9;3;0;0;1
2756;37;11;22;93711;3;0,1;2;0;1;1
1333;31;5;21;94309;1;0,4;2;0;1;0
465;43;19;83;94305;4;3,6;3;0;0;1
530;39;15;82;95207;1;0,8;2;0;1;0
913;35;10;78;94105;1;2,6;2;0;1;0
2623;54;28;39;90245;4;0,7;2;0;1;0
453;39;13;21;94022;3;0,2;2;0;0;0
574;55;28;50;95020;3;1;2;0;1;1
4944;26;0;12;96003;1;0,1;2;0;1;0
1377;63;39;45;92870;4;1,3;2;0;0;0
761;29;3;52;92122;3;1,1;2;0;1;0
2169;55;29;64;93063;4;2,6;3;0;1;0
2875;49;25;114;91380;1;2,5;3;0;1;1
586;34;4;83;92653;4;4;3;0;1;0
1535;59;34;30;92084;1;1,3;1;0;1;1
728;62;37;18;92037;3;1,3;2;0;1;0
3443;43;18;30;93940;1;0,5;3;0;1;0
1237;31;6;81;95762;4;2,2;2;0;1;0
561;43;18;59;93943;1;3,7;3;0;1;0
4019;59;35;161;94301;1;2,9;1;0;0;1
1927;30;6;41;90095;1;2,4;2;0;1;0
3838;44;19;40;92350;4;0;2;0;1;0
2211;58;33;51;95006;2;1,9;2;0;0;0
4574;46;20;73;95616;2;0,8;3;0;1;1
3371;39;13;59;90033;3;0,9;3;1;1;0
246;35;11;25;92614;2;1;2;0;0;0
2911;46;22;102;95039;3;4,5;3;0;1;0
1311;62;36;21;95616;3;0,3;3;0;0;0
2740;43;18;42;91330;1;0,3;3;0;1;0
3672;50;25;18;93106;1;0,4;3;0;1;0
3381;64;38;21;95422;1;0,8;2;0;0;1
1552;50;25;192;94115;2;2,8;1;0;0;1
799;29;2;38;93063;1;2;2;0;0;0
2449;51;26;42;92103;2;0,6;3;0;1;1
3852;46;21;99;90277;2;3,8;3;0;1;1
4012;47;21;88;94304;2;1,7;2;0;1;0
834;61;35;63;94939;3;2,2;3;0;0;0
1202;35;8;38;95060;4;1;2;0;1;0
3462;57;27;64;92007;3;2;3;0;1;0
2766;54;29;28;92093;4;0,2;2;0;1;0
2519;61;37;50;95125;4;1,3;2;0;0;1
1403;55;29;172;95064;1;5,2;2;0;0;0
1650;29;4;73;95039;1;0,8;2;0;1;0
2502;44;18;90;95616;4;2,6;3;0;1;0
1179;33;7;14;94025;1;0,4;2;0;1;0
1330;28;4;32;90095;3;1;2;0;0;0
2941;27;3;43;90245;3;0,1;2;0;1;0
2420;63;37;44;94550;2;1;3;0;1;0
2658;31;6;72;94583;1;2,6;2;0;1;0
1401;32;8;78;90401;4;0,1;2;0;1;0
1583;43;19;170;92037;4;4,25;1;0;1;1
2934;47;22;42;95820;3;2,7;2;0;1;0
4132;48;23;23;94534;4;0,4;2;0;0;0
457;64;39;42;92068;3;0,5;2;0;1;0
4590;31;7;13;93727;1;0,5;3;0;1;0
1005;53;23;65;95054;4;2;3;0;1;0
2842;37;11;190;94305;4;7,3;2;0;1;0
2135;50;24;68;95821;1;1,5;2;0;1;1
1321;31;7;192;90250;1;0;2;0;1;0
11;65;39;105;94710;4;2,4;3;0;0;0
4764;51;25;173;95051;1;0,5;2;0;1;0
4313;41;15;93;95616;1;2,8;3;0;1;1
1039;56;30;145;95831;4;5,7;2;0;1;1
3395;25;-1;113;90089;4;2,1;3;0;1;0
2321;46;22;84;92692;4;2;3;0;1;0
3168;62;38;58;94720;4;1,2;2;0;0;1
2393;44;20;138;94143;2;3,3;1;0;0;1
2550;41;15;63;95060;1;0,7;3;0;0;1
2840;58;33;75;90034;2;0;3;0;1;0
293;30;5;38;94542;4;0,8;1;0;1;1
252;54;28;170;92182;2;6,2;2;0;1;0
451;51;25;69;95747;1;0,3;1;0;1;1
4407;50;25;24;95133;4;0,4;2;0;1;0
2157;35;11;93;90747;2;2,7;1;0;1;1
3891;42;17;139;91101;2;2,9;3;0;1;1
186;39;14;115;91320;1;1;3;0;1;0
841;27;3;94;92373;2;0,2;1;0;0;1
1626;56;30;21;94542;2;0,7;2;0;1;0
3988;62;36;19;95833;2;0,2;3;0;1;1
1993;52;28;38;94302;2;0,8;1;0;0;1
46;57;31;52;94720;4;2,5;1;0;0;1
285;44;19;69;92806;3;0,5;3;0;1;0
3014;45;21;183;90029;2;1,4;1;0;1;1
3753;55;30;82;93003;4;1,3;3;0;0;1
298;55;25;70;93720;3;1,4;3;0;1;0
4266;27;2;44;93943;4;0,6;2;1;1;0
2529;57;31;79;91335;3;4,4;1;0;0;1
1528;57;33;45;94117;1;1,8;3;0;0;0
1698;64;38;32;90065;3;0,7;2;0;1;1
35;31;5;50;94035;4;1,8;3;0;1;0
3892;65;40;63;94701;3;0,5;2;0;1;0
2261;39;14;15;93561;2;0,3;2;0;0;0
3504;29;3;53;95814;4;2,1;3;0;1;0
2958;61;36;53;92717;3;0,5;2;0;1;0
4170;41;17;143;90059;2;2,7;3;0;1;1
900;30;3;172;91302;3;3,4;2;0;0;1
1708;61;37;31;92374;3;0,4;2;0;0;1
4963;46;20;122;90065;3;3;3;0;1;1
3707;58;33;51;94305;2;1,6;3;0;1;0
4467;34;10;60;90071;3;2,8;1;0;1;1
2520;60;36;10;92121;2;1;1;0;1;1
3506;64;39;103;90304;1;0,8;3;0;1;2
932;27;3;43;91302;1;1;3;0;1;0
1020;29;3;30;91745;4;0,3;2;0;0;0
2535;56;30;90;94402;1;1,9;2;0;1;0
408;64;40;58;93437;1;1,8;3;0;1;0
3076;26;0;85;95616;2;1,6;3;0;0;0
428;32;7;35;92521;3;1,3;1;0;0;1
4204;59;33;88;93106;4;1,9;2;0;0;0
4953;29;3;53;94005;4;1,8;3;0;1;0
3482;52;26;34;93023;1;0,3;3;0;1;0
886;31;5;30;94304;4;0,3;2;0;1;0
1545;39;15;24;92123;1;1;1;0;1;1
2167;32;8;25;93524;3;0,9;3;0;1;1
4470;40;14;53;94025;3;0,5;3;1;1;1
1471;58;28;80;91116;2;4,5;3;0;0;1
3930;37;13;33;91773;4;0,4;2;0;0;0
4365;59;35;75;92121;4;2,3;3;1;0;0
4563;65;40;64;94928;2;1,5;1;0;0;1
322;44;20;101;92717;3;4,4;2;0;0;0
2282;57;32;31;95039;3;1,3;2;0;1;1
233;46;19;38;94122;3;2,5;2;0;0;0
2706;53;26;22;92831;1;0,5;2;0;1;0
634;61;31;18;94583;1;1,5;3;0;1;1
2312;62;37;115;90245;4;3,4;2;0;1;1
2580;52;27;23;92780;1;0,4;3;0;0;0
3946;29;3;123;92821;3;5,6;3;0;1;0
73;44;20;130;92007;1;5;1;0;0;1
3492;51;27;12;92697;2;0,4;1;0;0;1
3071;28;3;74;91330;2;1,8;2;1;0;0
2038;35;8;52;95616;2;1;2;0;0;1
383;65;41;133;94904;4;2;1;0;0;1
2411;29;4;130;92630;2;6,7;1;0;0;1
2704;51;27;71;92521;1;2,6;2;0;0;1
1504;34;8;52;94720;4;2,2;2;0;0;0
837;42;17;74;92123;3;3;1;0;0;1
4589;35;10;85;95351;4;2,1;3;0;0;1
3394;37;11;81;95123;3;0,9;2;0;1;1
2287;62;36;42;94122;1;0,5;3;0;1;0
1684;55;29;33;92660;2;0,4;3;0;0;0
4044;49;23;64;94588;4;2,6;1;0;1;1
3714;46;20;74;90064;3;0,7;2;0;1;1
1767;64;38;22;92697;2;0,2;3;1;0;0
544;63;38;54;94704;3;2,4;1;0;0;1
1869;25;1;118;92833;1;5,4;1;0;1;1
3887;67;43;79;95616;4;1,7;2;0;1;1
4629;27;1;130;94801;3;2,9;2;0;0;0
353;52;28;91;92692;4;1;2;0;0;1
3072;32;8;74;93023;4;0,1;2;0;0;1
1516;54;28;28;94305;4;1,5;3;0;1;1
390;45;20;155;90024;1;7;1;0;1;1
4072;30;6;25;94304;3;1;2;0;0;1
2594;48;23;161;96003;4;7,9;3;0;0;0
1354;50;25;14;94124;1;0,4;3;0;1;1
4500;53;26;22;91304;1;0,5;2;0;1;1
1017;30;5;69;94720;1;0,8;2;1;1;0
981;38;13;114;92697;1;1;3;0;1;1
3987;38;14;182;92152;3;2,6;3;0;1;1
3037;33;9;14;91320;4;0,7;2;0;1;0
4582;37;13;59;94234;1;1,5;3;0;0;1
3198;34;10;29;93555;1;1,5;2;0;1;0
1065;41;17;138;95008;3;6,9;2;0;1;0
4819;45;19;85;94112;2;1,7;2;0;1;0
858;49;25;30;95616;4;0,2;1;0;1;1
1308;26;2;195;94546;1;6,33;1;0;1;1
3568;51;26;43;91040;1;1,3;2;0;1;0
3437;56;29;42;92104;4;2,5;2;0;0;0
3243;38;14;33;92096;1;2;2;0;1;0
3404;54;29;82;94709;3;3,7;2;0;1;0
3633;46;20;111;95307;2;6,3;1;0;0;1
4352;30;3;32;94132;1;2;2;0;1;1
1379;54;29;34;93305;4;0,1;3;0;1;0
1707;56;31;84;92672;1;0,1;3;0;1;0
1031;61;35;112;90024;4;1,7;3;0;0;1
2544;64;39;24;94117;4;0,6;2;0;0;0
471;32;6;84;91006;4;1,8;2;0;0;0
4448;49;22;78;95616;3;2;2;0;1;0
4187;33;9;10;90005;4;1;1;0;0;1
3574;60;36;165;90095;3;5,6;1;0;0;1
2954;61;36;78;91330;3;0,5;1;0;1;1
4113;34;9;65;95014;3;0,7;2;0;1;0
2759;62;36;35;94501;2;0,7;3;1;0;1
2829;35;10;64;94306;3;0,7;2;0;1;0
1228;39;13;30;92122;3;0,2;2;0;0;0
3348;65;41;78;92109;3;2;3;0;1;1
2979;56;30;24;94550;2;0,7;2;0;1;0
1814;61;36;55;90033;3;0,9;3;0;1;1
1711;31;5;29;95405;2;0,3;2;0;1;1
4311;65;41;170;94143;4;6,1;2;0;1;1
2313;48;22;83;91345;2;2,4;2;0;1;0
2416;45;21;11;94143;4;0,2;1;0;1;1
1023;27;3;118;95605;1;3,3;2;0;1;0
188;46;21;159;94305;3;1,9;3;0;1;0
3057;54;29;62;94301;4;3,8;2;0;1;0
2403;48;21;23;94720;3;0,67;2;0;0;0
1466;45;19;60;91911;1;0,7;3;0;1;0
1102;42;17;95;90095;3;0,5;3;0;0;0
2986;48;23;63;94606;4;3,6;3;0;0;0
4335;55;29;92;92130;1;1,9;2;0;0;0
45;46;20;104;94065;1;5,7;1;0;1;1
2238;30;5;134;92647;1;0;1;0;1;1
4799;44;20;62;91604;3;0,3;3;0;0;1
2855;49;24;79;94025;4;3,6;3;0;1;0
1768;41;14;74;92691;3;2,33;2;0;1;0
996;28;3;45;94305;2;1,6;3;0;1;1
1115;32;8;39;95827;1;1,7;1;0;1;1
4284;58;32;62;91320;3;2,2;3;0;1;1
2828;37;11;84;90266;4;2,2;2;0;1;1
3419;57;31;40;91775;3;1,4;3;0;1;1
800;29;3;39;95051;4;2,1;3;0;1;0
3365;41;15;41;94143;2;2,4;2;0;0;0
680;55;31;103;92093;3;1,8;2;0;0;0
1792;48;22;139;94309;1;0;1;0;1;1
2177;41;14;51;91320;3;2,33;2;0;1;0
1757;42;17;23;95053;2;0;3;0;0;0
2399;53;29;90;95053;2;0,3;1;1;0;1
1740;33;7;83;95211;1;2,5;1;1;1;1
1581;39;14;12;92093;2;0;3;0;0;0
2134;39;15;41;95035;1;2;2;0;1;0
694;40;15;40;92096;2;2,2;3;0;1;0
272;40;14;70;94923;4;1,4;2;0;1;0
2124;28;2;9;95014;1;0,1;2;0;1;0
864;54;30;70;90095;1;1,6;3;0;0;0
456;30;4;60;91107;4;2,2;2;0;1;0
4386;56;32;23;94610;1;1,2;3;0;1;1
3654;52;27;32;92521;2;2;2;0;0;1
1118;42;18;145;94709;1;1,7;1;0;1;1
2747;54;29;49;92703;2;2,1;3;0;1;1
598;24;-2;125;92835;2;7,2;1;1;0;1
4947;51;26;42;93118;1;1,3;2;0;1;0
4026;51;27;53;94114;1;1,8;3;0;0;1
329;60;35;49;94110;3;0,5;2;0;1;1
3662;29;4;120;94553;1;4,1;2;1;0;1
4214;49;25;39;91125;3;1,9;2;0;0;0
753;64;39;22;90071;4;0,6;2;0;0;0
3007;62;37;169;95014;3;5;2;0;1;1
3064;54;29;21;95841;4;0,1;3;0;0;0
3632;46;21;51;90089;4;1,9;3;0;0;0
2455;54;29;23;93955;1;1,5;2;0;0;0
320;65;39;20;90034;3;0,7;2;0;0;1
3824;49;25;44;94708;4;0,9;2;0;1;0
4575;35;11;193;91765;2;6,5;1;0;0;1
1825;49;23;194;94022;4;8,3;2;0;0;1
1294;56;31;81;92373;2;3,7;1;0;1;1
4277;50;24;155;92717;1;7,3;1;0;1;1
3973;29;5;112;94998;2;4,33;1;0;1;1
2579;45;21;164;90638;1;5;1;0;0;1
880;63;37;84;91768;4;1,9;2;0;1;0
30;38;13;119;94104;1;3,3;2;0;1;1
2054;58;32;85;92110;2;2;1;1;1;1
1449;41;16;49;92122;3;0,5;3;0;1;0
3131;23;-2;82;92152;2;1,8;2;1;0;1
4397;30;5;14;95014;4;0,5;3;0;1;0
2561;44;18;71;93943;2;0,8;3;0;1;0
3648;41;14;32;91605;3;1;2;0;0;1
2720;47;21;53;95929;1;1,5;2;0;1;0
4078;26;0;71;92093;4;1,8;2;1;1;0
118;58;33;61;92833;2;2,3;3;0;1;0
1520;63;38;22;92115;3;0,1;3;0;1;0
1231;27;1;25;94920;4;0,3;2;0;1;1
3767;59;35;108;90245;4;3,8;2;0;1;0
3758;45;21;142;91101;1;1,4;2;0;1;0
861;57;31;30;95841;2;0,7;2;0;0;0
2801;52;26;28;93907;2;0,7;2;0;1;1
439;58;32;113;93943;2;3,8;2;0;1;1
4119;40;16;34;93561;1;0,7;1;0;1;1
3239;52;28;49;94928;4;1,1;2;0;1;0
40;38;13;80;94115;4;0,7;3;0;1;0
780;53;28;192;94304;2;6,4;3;0;0;1
4402;60;35;42;91902;3;1,5;1;0;0;1
4487;44;19;48;92735;3;0,8;3;0;0;1
2539;37;12;175;92037;2;7,8;1;0;1;1
4816;58;32;99;92697;2;1,4;1;0;0;1
4160;45;20;70;94305;4;1,9;3;0;1;1
1073;54;24;75;90089;2;4,5;3;0;0;0
1303;42;16;38;94087;3;0,9;3;0;0;0
2971;54;30;121;95039;2;1,1;3;1;0;1
2872;65;39;82;94131;4;2,4;3;0;1;0
2220;52;22;58;93101;4;2;3;0;1;0
3302;48;22;59;90086;4;2,6;1;0;1;1
2356;56;31;74;94920;3;1,6;3;0;1;1
3721;63;39;131;92521;3;2,6;3;0;1;0
3137;60;34;65;95354;3;2,2;3;1;0;1
4150;41;15;53;93106;1;0,7;3;0;1;0
2023;33;3;71;93561;4;1,8;3;0;0;0
83;41;16;82;92507;1;4;3;0;1;0
3814;62;37;19;91343;3;1,3;2;0;1;0
4173;67;42;75;90041;4;0,1;2;0;1;0
1148;37;13;111;91367;1;0,8;2;0;0;0
2898;28;2;34;92161;4;1,3;3;0;0;0
514;30;6;48;94607;1;2,1;3;0;0;0
2291;38;13;78;91942;4;0,7;3;0;1;0
277;30;5;22;90058;4;0,5;3;0;1;0
341;59;34;91;93524;1;2,6;1;0;1;1
3566;40;15;43;92120;2;1,1;2;0;0;1
347;44;19;50;90745;3;2,7;2;0;1;0
4378;33;8;145;92507;1;2,7;3;0;1;0
3496;32;8;44;91401;1;1,8;2;0;1;0
1194;58;32;81;92121;3;1,7;2;0;1;1
1901;61;36;10;91365;4;0,4;2;0;1;0
3561;31;5;65;94591;4;2,2;2;0;1;0
79;54;30;133;93305;2;2,6;3;0;0;1
1205;26;1;190;91604;4;1,3;2;0;1;0
2910;35;8;44;94590;2;1,67;2;1;0;1
1615;47;23;89;94920;1;2,6;2;1;1;1
3567;57;33;80;92064;2;2,8;1;0;1;1
2507;66;42;39;94590;1;1,9;2;0;1;1
770;33;6;78;90250;4;2;2;1;1;0
3599;37;11;61;95120;3;0,9;2;0;0;0
3532;38;12;58;94542;3;0,9;3;0;0;1
1950;58;34;19;90504;1;1,2;3;0;0;0
2590;64;40;123;90840;1;3,8;1;0;1;1
1451;59;34;80;90086;3;0,5;1;0;1;1
4007;56;32;28;92130;1;1,2;3;0;1;0
551;60;34;54;94301;3;0,3;2;0;1;1
1283;51;26;55;93955;1;1,3;2;0;0;1
3996;53;28;34;92697;2;0,6;3;0;1;1
4833;29;4;83;91950;4;2,2;2;0;1;1
143;33;9;48;91770;1;2,1;3;0;0;1
4115;52;28;52;92126;4;0,1;3;0;0;0
504;31;5;39;94022;4;1,8;3;0;0;1
4037;46;21;13;93117;2;0,7;3;0;1;0
4570;47;21;49;92152;3;2,2;2;1;0;0
960;49;24;68;94143;1;0,2;2;0;0;0
4698;49;22;103;91330;3;2;2;0;0;0
4659;36;11;69;95929;4;2,1;3;0;1;1
3592;58;32;73;94109;2;2,3;3;0;1;1
4809;42;16;32;90033;3;0,5;2;0;0;1
1951;36;12;38;94109;1;1,5;2;0;0;0
4406;61;35;83;91320;2;1,7;3;0;1;0
3053;54;30;75;94720;2;3,2;3;0;0;1
621;33;8;115;91129;4;2,9;2;0;1;0
1146;32;6;99;92101;2;1,5;3;0;0;1
4592;43;16;44;94577;3;1;2;0;1;0
3627;24;-3;28;90089;4;1;3;0;0;0
4728;41;17;58;92009;4;2,67;1;0;1;1
4890;58;28;58;90073;3;2;3;0;1;0
2216;28;3;193;94501;3;4;2;0;1;0
2234;59;35;39;92028;1;1,8;3;0;1;0
4420;42;17;85;93065;1;3,7;3;0;0;0
2976;57;33;43;91016;3;1,5;1;0;0;1
798;42;17;61;94998;3;0,5;3;0;1;0
1252;39;13;31;95120;2;0,8;3;0;0;0
1315;32;6;73;94305;4;2,2;2;0;0;0
895;29;4;59;95064;4;2,2;1;0;1;1
2517;28;3;74;94720;3;2,6;3;0;0;0
1288;42;18;54;94010;4;2,2;2;0;0;0
2203;49;24;43;94709;4;1,9;3;0;1;0
4920;41;16;68;92122;3;3;1;0;1;1
3199;34;9;55;92122;4;2;2;0;0;1
582;28;3;55;94521;4;2,2;1;0;1;1
3523;64;40;90;94028;2;0;3;0;0;0
1988;56;31;52;94118;3;2;2;1;1;1
3660;33;7;22;94002;1;0,4;2;0;0;0
317;57;31;165;95054;1;1,6;2;0;1;0
1404;32;6;51;93109;4;0,2;1;1;0;1
4035;35;11;82;94022;2;1,7;2;0;1;1
4530;27;0;40;92103;4;1;3;0;0;0
3551;40;10;19;94609;1;0,75;3;0;0;0
773;54;28;165;92093;1;4,1;3;0;1;2
955;37;12;169;91107;2;5,2;3;0;1;1
4688;58;34;48;93460;4;1,3;2;0;1;1
4777;47;23;40;95123;2;2,1;3;0;1;0
3905;29;5;18;94122;1;0,4;3;0;1;1
2468;40;16;83;92350;1;0,8;2;1;1;0
3576;63;38;15;94305;4;0,6;2;0;0;0
4774;53;28;48;92029;2;1,9;2;0;1;0
1318;55;30;40;95521;2;2,3;3;0;1;0
2066;29;5;83;92354;3;1,5;1;0;1;1
220;56;30;61;94707;1;2,2;3;0;1;1
2418;25;0;53;90095;2;1,6;3;0;1;1
2864;29;5;70;93101;4;0;1;0;1;1
1334;62;38;99;95014;4;1,7;2;0;1;0
3087;61;35;23;94720;3;0,3;3;0;1;0
2779;56;31;61;92646;4;1,3;3;0;1;1
4252;42;16;62;95064;3;0,9;3;0;1;0
4576;53;27;115;90095;2;0,5;3;0;0;1
1255;36;12;40;91101;2;0,6;3;0;1;1
3569;30;4;194;93407;2;4,5;1;0;0;1
4804;48;24;48;92064;2;2,1;3;0;1;0
3339;35;9;43;92037;4;1,2;2;1;1;0
500;50;25;42;93108;3;1,7;2;0;1;0
512;31;5;82;94143;4;2,2;2;0;0;0
2867;46;22;141;90089;2;3,3;1;1;1;1
187;48;23;45;95616;1;0,3;1;0;1;1
2064;56;30;32;94080;2;0,4;3;0;1;0
615;37;12;180;90034;1;8,6;1;0;1;1
3036;50;24;31;95054;1;0,3;3;0;0;0
4442;62;36;75;92709;2;1,7;3;0;0;0
1394;62;37;55;95039;3;0,9;3;0;1;0
333;59;33;42;95630;1;0,8;2;0;1;0
4998;63;39;24;93023;2;0,3;3;0;0;0
4162;32;8;61;94703;3;2,6;2;0;0;0
4308;45;19;128;94928;4;6;3;0;1;0
4143;57;32;70;90024;3;1,6;3;0;0;0
3282;51;25;62;95014;2;1,5;2;0;1;1
2889;55;28;39;94542;3;1;2;0;1;1
1652;62;36;158;94301;2;6,3;3;0;1;1
3711;49;22;23;90032;2;1;2;0;1;1
4310;34;8;188;94025;1;2,9;3;0;1;0
2309;39;13;58;94590;2;2,4;2;0;1;0
3432;64;38;63;94305;2;1,7;3;1;1;0
4711;41;17;71;92182;3;0,3;3;0;0;1
1480;28;4;43;91304;1;1;3;0;0;0
4632;32;8;142;90095;4;6,2;2;0;1;1
4609;44;19;28;91604;1;0,3;3;0;1;0
2956;54;29;44;95518;2;2,3;3;0;1;0
395;33;9;80;91311;4;3,4;1;0;1;1
1909;50;26;22;92037;4;0,5;2;0;1;0
2454;43;19;60;94104;3;2,1;3;0;1;0
1983;58;33;18;94701;3;0,1;2;0;1;0
4264;59;33;18;94542;2;0,2;3;0;0;0
1651;31;6;83;92131;4;2,2;2;0;1;0
2902;54;30;21;95351;1;0,1;2;0;1;0
1897;32;7;83;94304;1;2,6;2;1;0;1
2670;43;18;10;91902;2;0,1;2;1;0;1
4167;66;40;30;95133;2;0,7;3;0;0;0
4083;32;6;83;90036;4;2,2;2;0;0;0
3216;40;15;19;90630;4;0,2;3;0;1;0
1117;43;18;122;92056;1;7;1;0;1;1
4682;27;3;68;95503;4;0;1;0;0;1
2033;62;37;32;90266;3;0,2;1;1;0;1
1188;61;36;24;94309;1;1,5;2;1;0;0
4437;60;35;33;90095;2;0,5;2;0;1;0
447;47;23;22;93108;1;1;1;0;0;1
